content/code/abc123_HPC_2024_demographic_cluster.R	content/code/abc123_hpc_2024_demographic_cluster.R
content/code/abc123_HPC_2024_main.R	content/code/abc123_hpc_2024_main.R
content/code/abc123_HPC_2024_neutral_cluster.R	content/code/abc123_hpc_2024_neutral_cluster.R
content/code/abc123_HPC_2024_test.R	content/code/abc123_hpc_2024_test.R
content/code/DataWrang.R	content/code/data_wrang.R
content/code/Demographic.R	content/code/demographic.R
content/code/DrawFW.py	content/code/draw_fw.py
content/code/ExampleParallel.R	content/code/example_parallel.R
content/code/ExpDesign.R	content/code/exp_design.R
content/code/FindARep.R	content/code/find_a_rep.R
content/code/GenomeSize.R	content/code/genome_size.R
content/code/Latex/PnasExample.tex	content/code/latex/PnasExample.tex
content/code/Latex/SweaveExample.tex	content/code/latex/SweaveExample.tex
content/code/Latex/CVs/ModernCV_ntrp_Template.pdf	content/code/latex/cvs/ModernCV_ntrp_Template.pdf
content/code/Latex/CVs/PavlicCV.pdf	content/code/latex/cvs/PavlicCV.pdf
content/code/Latex/CVs/PavlicCV.tex	content/code/latex/cvs/PavlicCV.tex
content/code/Latex/CVs/moderncv/CHANGELOG	content/code/latex/cvs/moderncv/CHANGELOG
content/code/Latex/CVs/moderncv/KNOWN_BUGS	content/code/latex/cvs/moderncv/KNOWN_BUGS
content/code/Latex/CVs/moderncv/ModernCV_ntrp_Template.pdf	content/code/latex/cvs/moderncv/ModernCV_ntrp_Template.pdf
content/code/Latex/CVs/moderncv/ModernCV_ntrp_Template.tex	content/code/latex/cvs/moderncv/ModernCV_ntrp_Template.tex
content/code/Latex/CVs/moderncv/README	content/code/latex/cvs/moderncv/README
content/code/Latex/CVs/moderncv/examples/picture.eps	content/code/latex/cvs/moderncv/examples/picture.eps
content/code/Latex/CVs/moderncv/examples/picture.jpg	content/code/latex/cvs/moderncv/examples/picture.jpg
content/code/Latex/CVs/moderncv/examples/publications.bib	content/code/latex/cvs/moderncv/examples/publications.bib
content/code/Latex/CVs/moderncv/examples/template-es.pdf	content/code/latex/cvs/moderncv/examples/template-es.pdf
content/code/Latex/CVs/moderncv/examples/template-es.tex	content/code/latex/cvs/moderncv/examples/template-es.tex
content/code/Latex/CVs/moderncv/examples/template-zh.pdf	content/code/latex/cvs/moderncv/examples/template-zh.pdf
content/code/Latex/CVs/moderncv/examples/template-zh.tex	content/code/latex/cvs/moderncv/examples/template-zh.tex
content/code/Latex/CVs/moderncv/examples/template.pdf	content/code/latex/cvs/moderncv/examples/template.pdf
content/code/Latex/CVs/moderncv/examples/template.tex	content/code/latex/cvs/moderncv/examples/template.tex
content/code/Latex/CVs/moderncv/examples/template_banking_black.pdf	content/code/latex/cvs/moderncv/examples/template_banking_black.pdf
content/code/Latex/CVs/moderncv/examples/template_banking_red.pdf	content/code/latex/cvs/moderncv/examples/template_banking_red.pdf
content/code/Latex/CVs/moderncv/examples/template_casual_orange.pdf	content/code/latex/cvs/moderncv/examples/template_casual_orange.pdf
content/code/Latex/CVs/moderncv/examples/template_classic_green.pdf	content/code/latex/cvs/moderncv/examples/template_classic_green.pdf
content/code/Latex/CVs/moderncv/examples/template_multibib.pdf	content/code/latex/cvs/moderncv/examples/template_multibib.pdf
content/code/Latex/CVs/moderncv/examples/template_oldstyle_grey.pdf	content/code/latex/cvs/moderncv/examples/template_oldstyle_grey.pdf
content/code/Latex/CVs/moderncv/moderncv.cls	content/code/latex/cvs/moderncv/moderncv.cls
content/code/Latex/CVs/moderncv/moderncvcolorblack.sty	content/code/latex/cvs/moderncv/moderncvcolorblack.sty
content/code/Latex/CVs/moderncv/moderncvcolorblue.sty	content/code/latex/cvs/moderncv/moderncvcolorblue.sty
content/code/Latex/CVs/moderncv/moderncvcolorgreen.sty	content/code/latex/cvs/moderncv/moderncvcolorgreen.sty
content/code/Latex/CVs/moderncv/moderncvcolorgrey.sty	content/code/latex/cvs/moderncv/moderncvcolorgrey.sty
content/code/Latex/CVs/moderncv/moderncvcolororange.sty	content/code/latex/cvs/moderncv/moderncvcolororange.sty
content/code/Latex/CVs/moderncv/moderncvcolorpurple.sty	content/code/latex/cvs/moderncv/moderncvcolorpurple.sty
content/code/Latex/CVs/moderncv/moderncvcolorred.sty	content/code/latex/cvs/moderncv/moderncvcolorred.sty
content/code/Latex/CVs/moderncv/moderncvcompatibility.sty	content/code/latex/cvs/moderncv/moderncvcompatibility.sty
content/code/Latex/CVs/moderncv/moderncvstylebanking.sty	content/code/latex/cvs/moderncv/moderncvstylebanking.sty
content/code/Latex/CVs/moderncv/moderncvstylecasual.sty	content/code/latex/cvs/moderncv/moderncvstylecasual.sty
content/code/Latex/CVs/moderncv/moderncvstyleclassic.sty	content/code/latex/cvs/moderncv/moderncvstyleclassic.sty
content/code/Latex/CVs/moderncv/moderncvstyleempty.sty	content/code/latex/cvs/moderncv/moderncvstyleempty.sty
content/code/Latex/CVs/moderncv/moderncvstyleoldstyle.sty	content/code/latex/cvs/moderncv/moderncvstyleoldstyle.sty
content/code/Latex/CVs/moderncv/tweaklist.sty	content/code/latex/cvs/moderncv/tweaklist.sty
content/code/Latex/CVs/resume.cls	content/code/latex/cvs/resume.cls
content/code/Latex/CVs/resume.pdf	content/code/latex/cvs/resume.pdf
content/code/Latex/CVs/resume.tex	content/code/latex/cvs/resume.tex
content/code/Latex/CVs/vikram.pdf	content/code/latex/cvs/vikram.pdf
content/code/Latex/CVs/vikram.tex	content/code/latex/cvs/vikram.tex
content/code/Latex/GeneralExamples/ALongDoc.tex	content/code/latex/generalexamples/ALongDoc.tex
content/code/Latex/GeneralExamples/Lists.tex	content/code/latex/generalexamples/Lists.tex
content/code/Latex/GeneralExamples/PnasExample.tex	content/code/latex/generalexamples/PnasExample.tex
content/code/Latex/GeneralExamples/TypeFace.tex	content/code/latex/generalexamples/TypeFace.tex
content/code/Latex/GeneralExamples/atable.pdf	content/code/latex/generalexamples/atable.pdf
content/code/Latex/GeneralExamples/atable.tex	content/code/latex/generalexamples/atable.tex
content/code/Latex/GeneralExamples/matrix.tex	content/code/latex/generalexamples/matrix.tex
content/code/Latex/GeneralExamples/sections.tex	content/code/latex/generalexamples/sections.tex
content/code/Latex/GeneralExamples/tabular.tex	content/code/latex/generalexamples/tabular.tex
content/code/Latex/Letterheads/IC_Letter_Signed/Letter_Pawar.tex	content/code/latex/letterheads/ic_letter_signed/Letter_Pawar.tex
content/code/Latex/Letterheads/IC_Letter_Signed/graphics/Imperial_Color1.pdf	content/code/latex/letterheads/ic_letter_signed/graphics/Imperial_Color1.pdf
content/code/Latex/Letterheads/IC_Letter_Signed/graphics/samsig.pdf	content/code/latex/letterheads/ic_letter_signed/graphics/samsig.pdf
content/code/Latex/Letterheads/IC_Letter_Signed/impletter.cls	content/code/latex/letterheads/ic_letter_signed/impletter.cls
content/code/Latex/Letterheads/ImperialCollege/Imperial_Color1.eps	content/code/latex/letterheads/imperialcollege/Imperial_Color1.eps
content/code/Latex/Letterheads/ImperialCollege/Imperial_Color1.pdf	content/code/latex/letterheads/imperialcollege/Imperial_Color1.pdf
content/code/Latex/Letterheads/ImperialCollege/Imperial_Color1.png	content/code/latex/letterheads/imperialcollege/Imperial_Color1.png
content/code/Latex/Letterheads/ImperialCollege/Imperial_Color2.eps	content/code/latex/letterheads/imperialcollege/Imperial_Color2.eps
content/code/Latex/Letterheads/ImperialCollege/Imperial_Color2.pdf	content/code/latex/letterheads/imperialcollege/Imperial_Color2.pdf
content/code/Latex/Letterheads/ImperialCollege/imperial_BW.eps	content/code/latex/letterheads/imperialcollege/imperial_BW.eps
content/code/Latex/Letterheads/ImperialCollege/impletter.cls	content/code/latex/letterheads/imperialcollege/impletter.cls
content/code/Latex/Letterheads/ImperialCollege/letter_blank.pdf	content/code/latex/letterheads/imperialcollege/letter_blank.pdf
content/code/Latex/Letterheads/ImperialCollege/letter_blank.tex	content/code/latex/letterheads/imperialcollege/letter_blank.tex
content/code/Latex/Letterheads/ImperialCollege/letter_headed.pdf	content/code/latex/letterheads/imperialcollege/letter_headed.pdf
content/code/Latex/Letterheads/ImperialCollege/letter_headed.tex	content/code/latex/letterheads/imperialcollege/letter_headed.tex
content/code/Latex/Letterheads/ImperialCollege/letter_logo.tex	content/code/latex/letterheads/imperialcollege/letter_logo.tex
content/code/Latex/Letterheads/ImperialCollege/wcnt	content/code/latex/letterheads/imperialcollege/wcnt
content/code/Latex/ThesisTemplate1/IC_Crest.eps	content/code/latex/thesistemplate1/IC_Crest.eps
content/code/Latex/ThesisTemplate1/IC_Logo.eps	content/code/latex/thesistemplate1/IC_Logo.eps
content/code/Latex/ThesisTemplate1/Picture.eps	content/code/latex/thesistemplate1/Picture.eps
content/code/Latex/ThesisTemplate1/ThesisAcknowledgements.tex	content/code/latex/thesistemplate1/ThesisAcknowledgements.tex
content/code/Latex/ThesisTemplate1/ThesisConclusion.tex	content/code/latex/thesistemplate1/ThesisConclusion.tex
content/code/Latex/ThesisTemplate1/ThesisFrontPage.tex	content/code/latex/thesistemplate1/ThesisFrontPage.tex
content/code/Latex/ThesisTemplate1/ThesisImperial.pdf	content/code/latex/thesistemplate1/ThesisImperial.pdf
content/code/Latex/ThesisTemplate1/ThesisImperial.tex	content/code/latex/thesistemplate1/ThesisImperial.tex
content/code/Loops.R	content/code/loops.R
content/code/MammalGenomeData.R	content/code/mammal_genome_data.R
content/code/MatrixFlip.R	content/code/matrix_flip.R
content/code/ModelSimp.R	content/code/model_simp.R
content/code/MulExpl.R	content/code/mul_expl.R
content/code/MulExplInter.R	content/code/mul_expl_inter.R
content/code/Nets.R	content/code/nets.R
content/code/NLLS_growth_rate.R	content/code/nlls_growth_rate.R
content/code/NLSFitEx1.R	content/code/nls_fit_ex_1.R
content/code/NLSFitEx2.R	content/code/nls_fit_ex_2.R
content/code/Plots.R	content/code/plots.R
content/code/SQLinR.R	content/code/sql_in_r.R
content/code/StochasticRicker.R	content/code/stochastic_ricker.R
content/code/t_F_tests.R	content/code/t_f_tests.R
content/code/TestR.R	content/code/test_r.R
content/code/TestR.py	content/code/test_r.py
content/code/tiff2png.sh	content/code/tiff2_png.sh
content/code/TimeSer.R	content/code/time_ser.R
content/code/Vectorize2.R	content/code/vectorize2.R
content/data/900days.txt	content/data/900_days.txt
content/data/AeaegyptiTraitData.csv	content/data/aeaegypti_trait_data.csv
content/data/BioTraits.csv	content/data/bio_traits.csv
content/data/Biotraits.db	content/data/biotraits.db
content/data/BiotraitsTemplateDescription.pdf	content/data/biotraits_template_description.pdf
content/data/ClimateData.csv	content/data/climate_data.csv
content/data/Consumer.csv	content/data/consumer.csv
content/data/CRat.csv	content/data/cr_at.csv
content/data/DataAphid.RData	content/data/data_aphid.RData
content/data/DataConservationSpecies.RData	content/data/data_conservation_species.RData
content/data/EcolArchives-E089-51-D1.csv	content/data/ecol_archives_e_089_51_d_1.csv
content/data/Ecological Archives E084-093-metadata.html	content/data/ecological_archives_e_084_093_metadata.html
content/data/fasta/E.coli.fasta	content/data/fasta/e_coli.fasta
content/data/Fungaldata.csv	content/data/fungaldata.csv
content/data/GenomeSize.csv	content/data/genome_size.csv
content/data/genome_size_data_061112_02-10-18.csv	content/data/genome_size_data_061112_02_10_18.csv
content/data/GPDDFiltered.RData	content/data/gpddf_iltered.RData
content/data/H938_Euro_chr6.geno	content/data/h938_euro_chr_6.geno
content/data/ICL_Protein_Data/2017_protein_data.xlsx	content/data/icl_protein_data/2017_protein_data.xlsx
content/data/ICL_Protein_Data/metadata.md	content/data/icl_protein_data/metadata.md
content/data/ICL_Squid/2017_squid_data.csv	content/data/icl_squid/2017_squid_data.csv
content/data/ICL_Squid/2017_squid_data.xlsx	content/data/icl_squid/2017_squid_data.xlsx
content/data/ICL_Squid/metadata.md	content/data/icl_squid/metadata.md
content/data/ICL_Squid/squid.csv	content/data/icl_squid/squid.csv
content/data/JustOaksData.csv	content/data/just_oaks_data.csv
content/data/KeyWestAnnualMeanTemperature.RData	content/data/key_west_annual_mean_temperature.RData
content/data/Kolokotrenes_et_al_nature08920-s2.csv	content/data/kolokotrenes_et_al_nature_08920_s_2.csv
content/data/Kolokotrenes_et_al_nature08920-s2.xls	content/data/kolokotrenes_et_al_nature_08920_s_2.xls
content/data/LogisticGrowthData.csv	content/data/logistic_growth_data.csv
content/data/LogisticGrowthMetaData.csv	content/data/logistic_growth_meta_data.csv
content/data/maleoData.xlsx	content/data/maleo_data.xlsx
content/data/MammalData.csv	content/data/mammal_data.csv
content/data/MicrosatSeqData.RData	content/data/microsat_seq_data.RData
content/data/MidgeWingLength.csv	content/data/midge_wing_length.csv
content/data/MOMv3.3.txt	content/data/mom_v_3_3.txt
content/data/MorranEtAl/Mortality.csv	content/data/morranetal/mortality.csv
content/data/MorranEtAl/README.txt	content/data/morranetal/readme.txt
content/data/NagyEtAl1999.csv	content/data/nagy_et_al_1999.csv
content/data/PanTHERIA_1-0_WR05_Aug2008.txt	content/data/pan_theria_1_0_wr_05_aug_2008.txt
content/data/PanTHERIA_1-0_WR93_Aug2008.txt	content/data/pan_theria_1_0_wr_93_aug_2008.txt
content/data/Popillia_Temp/all_trait.csv	content/data/popillia_temp/all_trait.csv
content/data/Popillia_Temp/Chem_Extracts.csv	content/data/popillia_temp/chem_extracts.csv
content/data/Popillia_Temp/JapBeet_Choice.csv	content/data/popillia_temp/jap_beet_choice.csv
content/data/Popillia_Temp/JapBeet_NoChoice.csv	content/data/popillia_temp/jap_beet_no_choice.csv
content/data/Popillia_Temp/JapBeetle_ChemExtracts.R	content/data/popillia_temp/jap_beetle_chem_extracts.R
content/data/Popillia_Temp/JapBeetle_Choice.R	content/data/popillia_temp/jap_beetle_choice.R
content/data/Popillia_Temp/JapBeetle_NoChoiceAnalysis.R	content/data/popillia_temp/jap_beetle_no_choice_analysis.R
content/data/Popillia_Temp/JapBeetle_PlantControls.R	content/data/popillia_temp/jap_beetle_plant_controls.R
content/data/Popillia_Temp/JapBeetle_TraitAnalysis.R	content/data/popillia_temp/jap_beetle_trait_analysis.R
content/data/Popillia_Temp/Plant_Control_Data.csv	content/data/popillia_temp/plant_control_data.csv
content/data/PoundHillData.csv	content/data/pound_hill_data.csv
content/data/PoundHillMetaData.csv	content/data/pound_hill_meta_data.csv
content/data/PracData.csv	content/data/prac_data.csv
content/data/QMEE_Net_Mat_edges.csv	content/data/qmee_net_mat_edges.csv
content/data/QMEE_Net_Mat_nodes.csv	content/data/qmee_net_mat_nodes.csv
content/data/Resource.csv	content/data/resource.csv
content/data/Results.txt	content/data/results.txt
content/data/SequenceData.RData	content/data/sequence_data.RData
content/data/Students_All.csv	content/data/students_all.csv
content/data/TCP.csv	content/data/tcp.csv
content/data/Temperatures/1800.csv	content/data/temperatures/1800.csv
content/data/Temperatures/1801.csv	content/data/temperatures/1801.csv
content/data/Temperatures/1802.csv	content/data/temperatures/1802.csv
content/data/Temperatures/1803.csv	content/data/temperatures/1803.csv
content/data/TestOaksData.csv	content/data/test_oaks_data.csv
content/data/ThermRespData.csv	content/data/therm_resp_data.csv
content/data/TraitInfo.csv	content/data/trait_info.csv
content/data/vecdyn_manatee_county_a.aegypti.csv	content/data/vecdyn_manatee_county_a_aegypti.csv
content/data/vecdyn_manatee_county_a.quadrimaculatus.csv	content/data/vecdyn_manatee_county_a_quadrimaculatus.csv
content/HPC/Instructions/2024_11_16_HPC_worksheet.ipynb	content/hpc/instructions/2024_11_16_HPC_worksheet.ipynb
content/HPC/Instructions/HPC_practical_mark_scheme_2024.ipynb	content/hpc/instructions/HPC_practical_mark_scheme_2024.ipynb
content/intro-AdvData.md	content/intro-adv-data.md
content/intro-Stats.md	content/intro-stats.md
content/lectures/Bayesian_Inference/BayesianInference_1_ProbabilityTheory.pdf	content/lectures/bayesian_inference/BayesianInference_1_ProbabilityTheory.pdf
content/lectures/Bayesian_Inference/BayesianInference_2_MCMC_Populations.pdf	content/lectures/bayesian_inference/BayesianInference_2_MCMC_Populations.pdf
content/lectures/Bayesian_Inference/BayesianInference_3_HypothesisTesting_Phylogeny.pdf	content/lectures/bayesian_inference/BayesianInference_3_HypothesisTesting_Phylogeny.pdf
content/lectures/Bayesian_Inference/README.md	content/lectures/bayesian_inference/README.md
content/lectures/Bayesian_Inference/SolutionNucleotideMarkovChain.pdf	content/lectures/bayesian_inference/SolutionNucleotideMarkovChain.pdf
content/lectures/BiolStructs_C/Part_00-C_for_biologists.md	content/lectures/biolstructs_c/Part_00-C_for_biologists.md
content/lectures/BiolStructs_C/Part_01-Compiler_and_basics.md	content/lectures/biolstructs_c/Part_01-Compiler_and_basics.md
content/lectures/BiolStructs_C/Part_02-Variables_and_Memory.md	content/lectures/biolstructs_c/Part_02-Variables_and_Memory.md
content/lectures/BiolStructs_C/Part_03-Operators_expressions_typecasting.md	content/lectures/biolstructs_c/Part_03-Operators_expressions_typecasting.md
content/lectures/BiolStructs_C/Part_04-Control_and_looping.md	content/lectures/biolstructs_c/Part_04-Control_and_looping.md
content/lectures/BiolStructs_C/Part_05-Arrays_strings.md	content/lectures/biolstructs_c/Part_05-Arrays_strings.md
content/lectures/BiolStructs_C/Part_06-Functions.md	content/lectures/biolstructs_c/Part_06-Functions.md
content/lectures/BiolStructs_C/Part_07-Bitwise_operations.md	content/lectures/biolstructs_c/Part_07-Bitwise_operations.md
content/lectures/BiolStructs_C/Part_08-Pointers_and_memory_allocation.md	content/lectures/biolstructs_c/Part_08-Pointers_and_memory_allocation.md
content/lectures/BiolStructs_C/Part_09-Advanced_data_types.md	content/lectures/biolstructs_c/Part_09-Advanced_data_types.md
content/lectures/BiolStructs_C/Part_10-Array_safety.md	content/lectures/biolstructs_c/Part_10-Array_safety.md
content/lectures/BiolStructs_C/Part_11-Headers_and_libraries.md	content/lectures/biolstructs_c/Part_11-Headers_and_libraries.md
content/lectures/BiolStructs_C/Part_12-Trees.md	content/lectures/biolstructs_c/Part_12-Trees.md
content/lectures/BiolStructs_C/Part_13-Embedding_C_in_Python.md	content/lectures/biolstructs_c/Part_13-Embedding_C_in_Python.md
content/lectures/BiolStructs_C/Part_14-Embedding_C_in_R.md	content/lectures/biolstructs_c/Part_14-Embedding_C_in_R.md
content/lectures/BiolStructs_C/code/day1/charint.c	content/lectures/biolstructs_c/code/day1/charint.c
content/lectures/BiolStructs_C/code/day1/condit.c	content/lectures/biolstructs_c/code/day1/condit.c
content/lectures/BiolStructs_C/code/day1/data.c	content/lectures/biolstructs_c/code/day1/data.c
content/lectures/BiolStructs_C/code/day1/hello	content/lectures/biolstructs_c/code/day1/hello
content/lectures/BiolStructs_C/code/day1/hello.c	content/lectures/biolstructs_c/code/day1/hello.c
content/lectures/BiolStructs_C/code/day1/hello.cpp	content/lectures/biolstructs_c/code/day1/hello.cpp
content/lectures/BiolStructs_C/code/day1/hello.ppr	content/lectures/biolstructs_c/code/day1/hello.ppr
content/lectures/BiolStructs_C/code/day1/loops.c	content/lectures/biolstructs_c/code/day1/loops.c
content/lectures/BiolStructs_C/code/day1/operators.c	content/lectures/biolstructs_c/code/day1/operators.c
content/lectures/BiolStructs_C/code/day1/overflow.c	content/lectures/biolstructs_c/code/day1/overflow.c
content/lectures/BiolStructs_C/code/day1/toupper.c	content/lectures/biolstructs_c/code/day1/toupper.c
content/lectures/BiolStructs_C/code/day1/typesizes.c	content/lectures/biolstructs_c/code/day1/typesizes.c
content/lectures/BiolStructs_C/code/day2/addarray.c	content/lectures/biolstructs_c/code/day2/addarray.c
content/lectures/BiolStructs_C/code/day2/array.c	content/lectures/biolstructs_c/code/day2/array.c
content/lectures/BiolStructs_C/code/day2/arrfunc.c	content/lectures/biolstructs_c/code/day2/arrfunc.c
content/lectures/BiolStructs_C/code/day2/bitwise.c	content/lectures/biolstructs_c/code/day2/bitwise.c
content/lectures/BiolStructs_C/code/day2/calculator.c	content/lectures/biolstructs_c/code/day2/calculator.c
content/lectures/BiolStructs_C/code/day2/dnacom.pr	content/lectures/biolstructs_c/code/day2/dnacom.pr
content/lectures/BiolStructs_C/code/day2/dnacomp.c	content/lectures/biolstructs_c/code/day2/dnacomp.c
content/lectures/BiolStructs_C/code/day2/func.c	content/lectures/biolstructs_c/code/day2/func.c
content/lectures/BiolStructs_C/code/day2/scope.c	content/lectures/biolstructs_c/code/day2/scope.c
content/lectures/BiolStructs_C/code/day2/strings.c	content/lectures/biolstructs_c/code/day2/strings.c
content/lectures/BiolStructs_C/code/day3/arrptr.c	content/lectures/biolstructs_c/code/day3/arrptr.c
content/lectures/BiolStructs_C/code/day3/newmem.c	content/lectures/biolstructs_c/code/day3/newmem.c
content/lectures/BiolStructs_C/code/day3/ptrarith.c	content/lectures/biolstructs_c/code/day3/ptrarith.c
content/lectures/BiolStructs_C/code/day3/ptrs1.c	content/lectures/biolstructs_c/code/day3/ptrs1.c
content/lectures/BiolStructs_C/code/day3/voidmain.c	content/lectures/biolstructs_c/code/day3/voidmain.c
content/lectures/BiolStructs_C/code/day4/chfunc.c	content/lectures/biolstructs_c/code/day4/chfunc.c
content/lectures/BiolStructs_C/code/day4/list.c	content/lectures/biolstructs_c/code/day4/list.c
content/lectures/BiolStructs_C/code/day4/struct.c	content/lectures/biolstructs_c/code/day4/struct.c
content/lectures/BiolStructs_C/code/day4/tree.c	content/lectures/biolstructs_c/code/day4/tree.c
content/lectures/BiolStructs_C/code/day5/.DS_Store	content/lectures/biolstructs_c/code/day5/.DS_Store
content/lectures/BiolStructs_C/code/day5/carray.c	content/lectures/biolstructs_c/code/day5/carray.c
content/lectures/BiolStructs_C/code/day5/carray.h	content/lectures/biolstructs_c/code/day5/carray.h
content/lectures/BiolStructs_C/code/day5/fasta_parse/fastareader	content/lectures/biolstructs_c/code/day5/fasta_parse/fastareader
content/lectures/BiolStructs_C/code/day5/fasta_parse/main.c	content/lectures/biolstructs_c/code/day5/fasta_parse/main.c
content/lectures/BiolStructs_C/code/day5/fasta_parse/seqs.txt	content/lectures/biolstructs_c/code/day5/fasta_parse/seqs.txt
content/lectures/BiolStructs_C/code/day5/libcarray.so	content/lectures/biolstructs_c/code/day5/libcarray.so
content/lectures/BiolStructs_C/code/day5/main.c	content/lectures/biolstructs_c/code/day5/main.c
content/lectures/BiolStructs_C/code/day5/preproc.c	content/lectures/biolstructs_c/code/day5/preproc.c
content/lectures/BiolStructs_C/images/_3tree.png	content/lectures/biolstructs_c/images/_3tree.png
content/lectures/BiolStructs_C/images/_linked_list-01.png	content/lectures/biolstructs_c/images/_linked_list-01.png
content/lectures/BiolStructs_C/images/_ptr_tree.png	content/lectures/biolstructs_c/images/_ptr_tree.png
content/lectures/BiolStructs_C/images/cladogram-01.png	content/lectures/biolstructs_c/images/cladogram-01.png
content/lectures/BiolStructs_C/slides/MDB_CMEE.0.Introduction.pdf	content/lectures/biolstructs_c/slides/MDB_CMEE.0.Introduction.pdf
content/lectures/BiolStructs_C/slides/MDB_CMEE.1.Ancestral_states.pdf	content/lectures/biolstructs_c/slides/MDB_CMEE.1.Ancestral_states.pdf
content/lectures/BiolStructs_C/slides/MDB_CMEE.1.Characters.pptx	content/lectures/biolstructs_c/slides/MDB_CMEE.1.Characters.pptx
content/lectures/BiolStructs_C/slides/MDB_CMEE.2.Trees.pdf	content/lectures/biolstructs_c/slides/MDB_CMEE.2.Trees.pdf
content/lectures/BiolStructs_C/slides/MDB_CMEE.C_module_slides.pptx	content/lectures/biolstructs_c/slides/MDB_CMEE.C_module_slides.pptx
content/lectures/BiolStructs_C/tree_struct.pdf	content/lectures/biolstructs_c/tree_struct.pdf
content/lectures/BiolStructs_C/trees/.DS_Store	content/lectures/biolstructs_c/trees/.DS_Store
content/lectures/BiolStructs_C/trees/testtrees.c	content/lectures/biolstructs_c/trees/testtrees.c
content/lectures/BiolStructs_C/trees/treelib/_README	content/lectures/biolstructs_c/trees/treelib/_README
content/lectures/BiolStructs_C/trees/treelib/treelib.c	content/lectures/biolstructs_c/trees/treelib/treelib.c
content/lectures/BiolStructs_C/trees/treelib/treelib.h	content/lectures/biolstructs_c/trees/treelib/treelib.h
content/lectures/BiolStructs_C/trees/treetest	content/lectures/biolstructs_c/trees/treetest
content/lectures/EcolMod_VJ/CMEE-1-1.pptx	content/lectures/ecolmod_vj/CMEE-1-1.pptx
content/lectures/EcolMod_VJ/CMEE-1-2.pptx	content/lectures/ecolmod_vj/CMEE-1-2.pptx
content/lectures/EcolMod_VJ/CMEE-1-3.pptx	content/lectures/ecolmod_vj/CMEE-1-3.pptx
content/lectures/EcolMod_VJ/CMEE-2-1.pptx	content/lectures/ecolmod_vj/CMEE-2-1.pptx
content/lectures/EcolMod_VJ/CMEE-2-2.pptx	content/lectures/ecolmod_vj/CMEE-2-2.pptx
content/lectures/EcolMod_VJ/CMEE-2-3.pptx	content/lectures/ecolmod_vj/CMEE-2-3.pptx
content/lectures/EcolMod_VJ/CMEE-3-1.pptx	content/lectures/ecolmod_vj/CMEE-3-1.pptx
content/lectures/EcolMod_VJ/CMEE-3-2.pptx	content/lectures/ecolmod_vj/CMEE-3-2.pptx
content/lectures/EcolMod_VJ/CMEE-4-1.pptx	content/lectures/ecolmod_vj/CMEE-4-1.pptx
content/lectures/EcolMod_VJ/CMEE-4-2.pptx	content/lectures/ecolmod_vj/CMEE-4-2.pptx
content/lectures/EcolMod_VJ/CMEE-4-3.pptx	content/lectures/ecolmod_vj/CMEE-4-3.pptx
content/lectures/EcolMod_VJ/Practical1.doc	content/lectures/ecolmod_vj/Practical1.doc
content/lectures/EcolMod_VJ/Practical1.pdf	content/lectures/ecolmod_vj/Practical1.pdf
content/lectures/EcolMod_VJ/Practical2.doc	content/lectures/ecolmod_vj/Practical2.doc
content/lectures/EcolMod_VJ/Practical2.pdf	content/lectures/ecolmod_vj/Practical2.pdf
content/lectures/EcolMod_VJ/Practical3.doc	content/lectures/ecolmod_vj/Practical3.doc
content/lectures/EcolMod_VJ/Practical3.pdf	content/lectures/ecolmod_vj/Practical3.pdf
content/lectures/EcolMod_VJ/code/appcomp.ode	content/lectures/ecolmod_vj/code/appcomp.ode
content/lectures/EcolMod_VJ/code/fcdmsl2.ode	content/lectures/ecolmod_vj/code/fcdmsl2.ode
content/lectures/EcolMod_VJ/code/fcdmsls.ode	content/lectures/ecolmod_vj/code/fcdmsls.ode
content/lectures/EcolMod_VJ/code/frcdsir.ode	content/lectures/ecolmod_vj/code/frcdsir.ode
content/lectures/EcolMod_VJ/code/logbif.ode	content/lectures/ecolmod_vj/code/logbif.ode
content/lectures/EcolMod_VJ/code/logistic.ode	content/lectures/ecolmod_vj/code/logistic.ode
content/lectures/EcolMod_VJ/code/logistic.ode.txt	content/lectures/ecolmod_vj/code/logistic.ode.txt
content/lectures/EcolMod_VJ/code/logpred.ode	content/lectures/ecolmod_vj/code/logpred.ode
content/lectures/EcolMod_VJ/code/lvcomp1.ode	content/lectures/ecolmod_vj/code/lvcomp1.ode
content/lectures/EcolMod_VJ/code/lvcomp2.ode	content/lectures/ecolmod_vj/code/lvcomp2.ode
content/lectures/EcolMod_VJ/code/lvpp.ode	content/lectures/ecolmod_vj/code/lvpp.ode
content/lectures/EcolMod_VJ/code/metapop.ode	content/lectures/ecolmod_vj/code/metapop.ode
content/lectures/EcolMod_VJ/code/metapop1.ode	content/lectures/ecolmod_vj/code/metapop1.ode
content/lectures/EcolMod_VJ/code/metapop2.ode	content/lectures/ecolmod_vj/code/metapop2.ode
content/lectures/EcolMod_VJ/code/mumby.ode	content/lectures/ecolmod_vj/code/mumby.ode
content/lectures/EcolMod_VJ/code/nb.ode	content/lectures/ecolmod_vj/code/nb.ode
content/lectures/EcolMod_VJ/code/pp3d.ode	content/lectures/ecolmod_vj/code/pp3d.ode
content/lectures/EcolMod_VJ/code/pplyapnv.ode	content/lectures/ecolmod_vj/code/pplyapnv.ode
content/lectures/EcolMod_VJ/code/pprmca.ode	content/lectures/ecolmod_vj/code/pprmca.ode
content/lectures/EcolMod_VJ/code/pprmca2.ode	content/lectures/ecolmod_vj/code/pprmca2.ode
content/lectures/EcolMod_VJ/code/scheffer.ode	content/lectures/ecolmod_vj/code/scheffer.ode
content/lectures/EcolMod_VJ/code/sir.ode	content/lectures/ecolmod_vj/code/sir.ode
content/lectures/EnE_Modelling_Intro/EnE_Modelling.nav	content/lectures/ene_modelling_intro/EnE_Modelling.nav
content/lectures/EnE_Modelling_Intro/EnE_Modelling.pdf	content/lectures/ene_modelling_intro/EnE_Modelling.pdf
content/lectures/EnE_Modelling_Intro/EnE_Modelling.snm	content/lectures/ene_modelling_intro/EnE_Modelling.snm
content/lectures/EnE_Modelling_Intro/EnE_Modelling.tex	content/lectures/ene_modelling_intro/EnE_Modelling.tex
content/lectures/EnE_Modelling_Intro/EnE_Modelling_handout.pdf	content/lectures/ene_modelling_intro/EnE_Modelling_handout.pdf
content/lectures/EnE_Modelling_Intro/graphics/Biolum.jpg	content/lectures/ene_modelling_intro/graphics/Biolum.jpg
content/lectures/EnE_Modelling_Intro/graphics/L-H_cycle.png	content/lectures/ene_modelling_intro/graphics/L-H_cycle.png
content/lectures/EnE_Modelling_Intro/graphics/Mechanisms.pdf	content/lectures/ene_modelling_intro/graphics/Mechanisms.pdf
content/lectures/EnE_Modelling_Intro/graphics/Photobacterium.pdf	content/lectures/ene_modelling_intro/graphics/Photobacterium.pdf
content/lectures/EnE_Modelling_Intro/graphics/Reef.jpg	content/lectures/ene_modelling_intro/graphics/Reef.jpg
content/lectures/EnE_Modelling_Intro/inputs/rgb.tex	content/lectures/ene_modelling_intro/inputs/rgb.tex
content/lectures/EnE_Modelling_Metabolism_to_Interactions/01_Energy_and_Metabolism.tex	content/lectures/ene_modelling_metabolism_to_interactions/01_Energy_and_Metabolism.tex
content/lectures/EnE_Modelling_Metabolism_to_Interactions/01_Energy_and_Metabolism_handout.pdf	content/lectures/ene_modelling_metabolism_to_interactions/01_Energy_and_Metabolism_handout.pdf
content/lectures/EnE_Modelling_Metabolism_to_Interactions/02_Consumer_Resource_Interactions.tex	content/lectures/ene_modelling_metabolism_to_interactions/02_Consumer_Resource_Interactions.tex
content/lectures/EnE_Modelling_Metabolism_to_Interactions/02_Consumer_Resource_Interactions_handout.pdf	content/lectures/ene_modelling_metabolism_to_interactions/02_Consumer_Resource_Interactions_handout.pdf
content/lectures/EnE_Modelling_Metabolism_to_Interactions/Consumer_Resource_Interactions.pdf	content/lectures/ene_modelling_metabolism_to_interactions/Consumer_Resource_Interactions.pdf
content/lectures/EnE_Modelling_Metabolism_to_Interactions/Consumer_Resource_Interactions_Handout.pdf	content/lectures/ene_modelling_metabolism_to_interactions/Consumer_Resource_Interactions_Handout.pdf
content/lectures/EnE_Modelling_Metabolism_to_Interactions/Energy_and_Metabolism.pdf	content/lectures/ene_modelling_metabolism_to_interactions/Energy_and_Metabolism.pdf
content/lectures/EnE_Modelling_Metabolism_to_Interactions/Interaction_Networks.pdf	content/lectures/ene_modelling_metabolism_to_interactions/Interaction_Networks.pdf
content/lectures/EnE_Modelling_Metabolism_to_Interactions/Interaction_Networks.tex	content/lectures/ene_modelling_metabolism_to_interactions/Interaction_Networks.tex
content/lectures/EnE_Modelling_Metabolism_to_Interactions/Interaction_Networks_handout.pdf	content/lectures/ene_modelling_metabolism_to_interactions/Interaction_Networks_handout.pdf
content/lectures/EnE_Modelling_Metabolism_to_Interactions/Mutualistic_Networks.pdf	content/lectures/ene_modelling_metabolism_to_interactions/Mutualistic_Networks.pdf
content/lectures/EnE_Modelling_Metabolism_to_Interactions/Mutualistic_Networks.tex	content/lectures/ene_modelling_metabolism_to_interactions/Mutualistic_Networks.tex
content/lectures/EnE_Modelling_Metabolism_to_Interactions/Mutualistic_Networks_handout.pdf	content/lectures/ene_modelling_metabolism_to_interactions/Mutualistic_Networks_handout.pdf
content/lectures/EnE_Modelling_Metabolism_to_Interactions/graphics/800.jpg	content/lectures/ene_modelling_metabolism_to_interactions/graphics/800.jpg
content/lectures/EnE_Modelling_Metabolism_to_Interactions/graphics/AMT.jpg	content/lectures/ene_modelling_metabolism_to_interactions/graphics/AMT.jpg
content/lectures/EnE_Modelling_Metabolism_to_Interactions/graphics/AVT.png	content/lectures/ene_modelling_metabolism_to_interactions/graphics/AVT.png
content/lectures/EnE_Modelling_Metabolism_to_Interactions/graphics/Assembly.pdf	content/lectures/ene_modelling_metabolism_to_interactions/graphics/Assembly.pdf
content/lectures/EnE_Modelling_Metabolism_to_Interactions/graphics/Assembly.png	content/lectures/ene_modelling_metabolism_to_interactions/graphics/Assembly.png
content/lectures/EnE_Modelling_Metabolism_to_Interactions/graphics/Assembly_1.pdf	content/lectures/ene_modelling_metabolism_to_interactions/graphics/Assembly_1.pdf
content/lectures/EnE_Modelling_Metabolism_to_Interactions/graphics/Assembly_1.png	content/lectures/ene_modelling_metabolism_to_interactions/graphics/Assembly_1.png
content/lectures/EnE_Modelling_Metabolism_to_Interactions/graphics/Bacteria_Net.png	content/lectures/ene_modelling_metabolism_to_interactions/graphics/Bacteria_Net.png
content/lectures/EnE_Modelling_Metabolism_to_Interactions/graphics/Bar-on_et_al.pdf	content/lectures/ene_modelling_metabolism_to_interactions/graphics/Bar-on_et_al.pdf
content/lectures/EnE_Modelling_Metabolism_to_Interactions/graphics/Bar-on_et_al.png	content/lectures/ene_modelling_metabolism_to_interactions/graphics/Bar-on_et_al.png
content/lectures/EnE_Modelling_Metabolism_to_Interactions/graphics/Boltz.jpg	content/lectures/ene_modelling_metabolism_to_interactions/graphics/Boltz.jpg
content/lectures/EnE_Modelling_Metabolism_to_Interactions/graphics/Camerano_plate-1.jpg	content/lectures/ene_modelling_metabolism_to_interactions/graphics/Camerano_plate-1.jpg
content/lectures/EnE_Modelling_Metabolism_to_Interactions/graphics/Camerano_plate-1.pdf	content/lectures/ene_modelling_metabolism_to_interactions/graphics/Camerano_plate-1.pdf
content/lectures/EnE_Modelling_Metabolism_to_Interactions/graphics/Camerano_plate-1.png	content/lectures/ene_modelling_metabolism_to_interactions/graphics/Camerano_plate-1.png
content/lectures/EnE_Modelling_Metabolism_to_Interactions/graphics/Camerano_plate-2.jpg	content/lectures/ene_modelling_metabolism_to_interactions/graphics/Camerano_plate-2.jpg
content/lectures/EnE_Modelling_Metabolism_to_Interactions/graphics/Cerrado.jpg	content/lectures/ene_modelling_metabolism_to_interactions/graphics/Cerrado.jpg
content/lectures/EnE_Modelling_Metabolism_to_Interactions/graphics/Cerrado_polli.jpg	content/lectures/ene_modelling_metabolism_to_interactions/graphics/Cerrado_polli.jpg
content/lectures/EnE_Modelling_Metabolism_to_Interactions/graphics/Components.pdf	content/lectures/ene_modelling_metabolism_to_interactions/graphics/Components.pdf
content/lectures/EnE_Modelling_Metabolism_to_Interactions/graphics/Components.png	content/lectures/ene_modelling_metabolism_to_interactions/graphics/Components.png
content/lectures/EnE_Modelling_Metabolism_to_Interactions/graphics/ConsRateModel.pdf	content/lectures/ene_modelling_metabolism_to_interactions/graphics/ConsRateModel.pdf
content/lectures/EnE_Modelling_Metabolism_to_Interactions/graphics/ConsRateModel.png	content/lectures/ene_modelling_metabolism_to_interactions/graphics/ConsRateModel.png
content/lectures/EnE_Modelling_Metabolism_to_Interactions/graphics/Consumer-resource.pdf	content/lectures/ene_modelling_metabolism_to_interactions/graphics/Consumer-resource.pdf
content/lectures/EnE_Modelling_Metabolism_to_Interactions/graphics/Consumer-resource.png	content/lectures/ene_modelling_metabolism_to_interactions/graphics/Consumer-resource.png
content/lectures/EnE_Modelling_Metabolism_to_Interactions/graphics/Cyanobacteria.jpg	content/lectures/ene_modelling_metabolism_to_interactions/graphics/Cyanobacteria.jpg
content/lectures/EnE_Modelling_Metabolism_to_Interactions/graphics/Damuth.png	content/lectures/ene_modelling_metabolism_to_interactions/graphics/Damuth.png
content/lectures/EnE_Modelling_Metabolism_to_Interactions/graphics/Darwin.jpg	content/lectures/ene_modelling_metabolism_to_interactions/graphics/Darwin.jpg
content/lectures/EnE_Modelling_Metabolism_to_Interactions/graphics/DimRes1.pdf	content/lectures/ene_modelling_metabolism_to_interactions/graphics/DimRes1.pdf
content/lectures/EnE_Modelling_Metabolism_to_Interactions/graphics/DimRes1.png	content/lectures/ene_modelling_metabolism_to_interactions/graphics/DimRes1.png
content/lectures/EnE_Modelling_Metabolism_to_Interactions/graphics/DimTable.pdf	content/lectures/ene_modelling_metabolism_to_interactions/graphics/DimTable.pdf
content/lectures/EnE_Modelling_Metabolism_to_Interactions/graphics/DimTable.png	content/lectures/ene_modelling_metabolism_to_interactions/graphics/DimTable.png
content/lectures/EnE_Modelling_Metabolism_to_Interactions/graphics/Dimensionality.pdf	content/lectures/ene_modelling_metabolism_to_interactions/graphics/Dimensionality.pdf
content/lectures/EnE_Modelling_Metabolism_to_Interactions/graphics/Dimensionality.png	content/lectures/ene_modelling_metabolism_to_interactions/graphics/Dimensionality.png
content/lectures/EnE_Modelling_Metabolism_to_Interactions/graphics/Elephants.jpg	content/lectures/ene_modelling_metabolism_to_interactions/graphics/Elephants.jpg
content/lectures/EnE_Modelling_Metabolism_to_Interactions/graphics/EltonFW.pdf	content/lectures/ene_modelling_metabolism_to_interactions/graphics/EltonFW.pdf
content/lectures/EnE_Modelling_Metabolism_to_Interactions/graphics/EltonFW.png	content/lectures/ene_modelling_metabolism_to_interactions/graphics/EltonFW.png
content/lectures/EnE_Modelling_Metabolism_to_Interactions/graphics/FR.pdf	content/lectures/ene_modelling_metabolism_to_interactions/graphics/FR.pdf
content/lectures/EnE_Modelling_Metabolism_to_Interactions/graphics/FR.png	content/lectures/ene_modelling_metabolism_to_interactions/graphics/FR.png
content/lectures/EnE_Modelling_Metabolism_to_Interactions/graphics/FR.svg	content/lectures/ene_modelling_metabolism_to_interactions/graphics/FR.svg
content/lectures/EnE_Modelling_Metabolism_to_Interactions/graphics/FW_DB.png	content/lectures/ene_modelling_metabolism_to_interactions/graphics/FW_DB.png
content/lectures/EnE_Modelling_Metabolism_to_Interactions/graphics/FoodWeb.pdf	content/lectures/ene_modelling_metabolism_to_interactions/graphics/FoodWeb.pdf
content/lectures/EnE_Modelling_Metabolism_to_Interactions/graphics/FoodWeb.png	content/lectures/ene_modelling_metabolism_to_interactions/graphics/FoodWeb.png
content/lectures/EnE_Modelling_Metabolism_to_Interactions/graphics/FoodWeb2.pdf	content/lectures/ene_modelling_metabolism_to_interactions/graphics/FoodWeb2.pdf
content/lectures/EnE_Modelling_Metabolism_to_Interactions/graphics/FoodWeb2.png	content/lectures/ene_modelling_metabolism_to_interactions/graphics/FoodWeb2.png
content/lectures/EnE_Modelling_Metabolism_to_Interactions/graphics/Haldane.jpg	content/lectures/ene_modelling_metabolism_to_interactions/graphics/Haldane.jpg
content/lectures/EnE_Modelling_Metabolism_to_Interactions/graphics/History1.png	content/lectures/ene_modelling_metabolism_to_interactions/graphics/History1.png
content/lectures/EnE_Modelling_Metabolism_to_Interactions/graphics/History2.png	content/lectures/ene_modelling_metabolism_to_interactions/graphics/History2.png
content/lectures/EnE_Modelling_Metabolism_to_Interactions/graphics/History3.png	content/lectures/ene_modelling_metabolism_to_interactions/graphics/History3.png
content/lectures/EnE_Modelling_Metabolism_to_Interactions/graphics/History4.png	content/lectures/ene_modelling_metabolism_to_interactions/graphics/History4.png
content/lectures/EnE_Modelling_Metabolism_to_Interactions/graphics/History5.png	content/lectures/ene_modelling_metabolism_to_interactions/graphics/History5.png
content/lectures/EnE_Modelling_Metabolism_to_Interactions/graphics/HumHawkMoth.jpg	content/lectures/ene_modelling_metabolism_to_interactions/graphics/HumHawkMoth.jpg
content/lectures/EnE_Modelling_Metabolism_to_Interactions/graphics/Hummer.jpg	content/lectures/ene_modelling_metabolism_to_interactions/graphics/Hummer.jpg
content/lectures/EnE_Modelling_Metabolism_to_Interactions/graphics/Kleiber1947.jpg	content/lectures/ene_modelling_metabolism_to_interactions/graphics/Kleiber1947.jpg
content/lectures/EnE_Modelling_Metabolism_to_Interactions/graphics/Kleiber_1947_2.jpg	content/lectures/ene_modelling_metabolism_to_interactions/graphics/Kleiber_1947_2.jpg
content/lectures/EnE_Modelling_Metabolism_to_Interactions/graphics/Kleiber_1947_2.png	content/lectures/ene_modelling_metabolism_to_interactions/graphics/Kleiber_1947_2.png
content/lectures/EnE_Modelling_Metabolism_to_Interactions/graphics/Kudzu.pdf	content/lectures/ene_modelling_metabolism_to_interactions/graphics/Kudzu.pdf
content/lectures/EnE_Modelling_Metabolism_to_Interactions/graphics/L-H_cycle.png	content/lectures/ene_modelling_metabolism_to_interactions/graphics/L-H_cycle.png
content/lectures/EnE_Modelling_Metabolism_to_Interactions/graphics/LV.png	content/lectures/ene_modelling_metabolism_to_interactions/graphics/LV.png
content/lectures/EnE_Modelling_Metabolism_to_Interactions/graphics/Lizard.JPG	content/lectures/ene_modelling_metabolism_to_interactions/graphics/Lizard.JPG
content/lectures/EnE_Modelling_Metabolism_to_Interactions/graphics/MetabScaling.jpg	content/lectures/ene_modelling_metabolism_to_interactions/graphics/MetabScaling.jpg
content/lectures/EnE_Modelling_Metabolism_to_Interactions/graphics/Microbial_Mutualism.pdf	content/lectures/ene_modelling_metabolism_to_interactions/graphics/Microbial_Mutualism.pdf
content/lectures/EnE_Modelling_Metabolism_to_Interactions/graphics/Microbial_Mutualism.png	content/lectures/ene_modelling_metabolism_to_interactions/graphics/Microbial_Mutualism.png
content/lectures/EnE_Modelling_Metabolism_to_Interactions/graphics/Mismatch.pdf	content/lectures/ene_modelling_metabolism_to_interactions/graphics/Mismatch.pdf
content/lectures/EnE_Modelling_Metabolism_to_Interactions/graphics/Mismatch.png	content/lectures/ene_modelling_metabolism_to_interactions/graphics/Mismatch.png
content/lectures/EnE_Modelling_Metabolism_to_Interactions/graphics/Mismatch.svg	content/lectures/ene_modelling_metabolism_to_interactions/graphics/Mismatch.svg
content/lectures/EnE_Modelling_Metabolism_to_Interactions/graphics/Motifs.pdf	content/lectures/ene_modelling_metabolism_to_interactions/graphics/Motifs.pdf
content/lectures/EnE_Modelling_Metabolism_to_Interactions/graphics/Motifs.png	content/lectures/ene_modelling_metabolism_to_interactions/graphics/Motifs.png
content/lectures/EnE_Modelling_Metabolism_to_Interactions/graphics/Nestedness.pdf	content/lectures/ene_modelling_metabolism_to_interactions/graphics/Nestedness.pdf
content/lectures/EnE_Modelling_Metabolism_to_Interactions/graphics/Nestedness.png	content/lectures/ene_modelling_metabolism_to_interactions/graphics/Nestedness.png
content/lectures/EnE_Modelling_Metabolism_to_Interactions/graphics/Network_Structure.pdf	content/lectures/ene_modelling_metabolism_to_interactions/graphics/Network_Structure.pdf
content/lectures/EnE_Modelling_Metabolism_to_Interactions/graphics/Network_Structure.png	content/lectures/ene_modelling_metabolism_to_interactions/graphics/Network_Structure.png
content/lectures/EnE_Modelling_Metabolism_to_Interactions/graphics/Photobacterium.pdf	content/lectures/ene_modelling_metabolism_to_interactions/graphics/Photobacterium.pdf
content/lectures/EnE_Modelling_Metabolism_to_Interactions/graphics/Photobacterium.png	content/lectures/ene_modelling_metabolism_to_interactions/graphics/Photobacterium.png
content/lectures/EnE_Modelling_Metabolism_to_Interactions/graphics/Pieter_Fish.jpg	content/lectures/ene_modelling_metabolism_to_interactions/graphics/Pieter_Fish.jpg
content/lectures/EnE_Modelling_Metabolism_to_Interactions/graphics/PolliNet.pdf	content/lectures/ene_modelling_metabolism_to_interactions/graphics/PolliNet.pdf
content/lectures/EnE_Modelling_Metabolism_to_Interactions/graphics/PolliNet.png	content/lectures/ene_modelling_metabolism_to_interactions/graphics/PolliNet.png
content/lectures/EnE_Modelling_Metabolism_to_Interactions/graphics/PolliNet_Seasonal.pdf	content/lectures/ene_modelling_metabolism_to_interactions/graphics/PolliNet_Seasonal.pdf
content/lectures/EnE_Modelling_Metabolism_to_Interactions/graphics/PolliNet_Seasonal.png	content/lectures/ene_modelling_metabolism_to_interactions/graphics/PolliNet_Seasonal.png
content/lectures/EnE_Modelling_Metabolism_to_Interactions/graphics/Pollination.jpg	content/lectures/ene_modelling_metabolism_to_interactions/graphics/Pollination.jpg
content/lectures/EnE_Modelling_Metabolism_to_Interactions/graphics/Rainforest.jpg	content/lectures/ene_modelling_metabolism_to_interactions/graphics/Rainforest.jpg
content/lectures/EnE_Modelling_Metabolism_to_Interactions/graphics/Reef.jpg	content/lectures/ene_modelling_metabolism_to_interactions/graphics/Reef.jpg
content/lectures/EnE_Modelling_Metabolism_to_Interactions/graphics/Roadmap.pdf	content/lectures/ene_modelling_metabolism_to_interactions/graphics/Roadmap.pdf
content/lectures/EnE_Modelling_Metabolism_to_Interactions/graphics/Roadmap.png	content/lectures/ene_modelling_metabolism_to_interactions/graphics/Roadmap.png
content/lectures/EnE_Modelling_Metabolism_to_Interactions/graphics/Roadmap.svg	content/lectures/ene_modelling_metabolism_to_interactions/graphics/Roadmap.svg
content/lectures/EnE_Modelling_Metabolism_to_Interactions/graphics/Roadmap1.png	content/lectures/ene_modelling_metabolism_to_interactions/graphics/Roadmap1.png
content/lectures/EnE_Modelling_Metabolism_to_Interactions/graphics/Roadmap10.png	content/lectures/ene_modelling_metabolism_to_interactions/graphics/Roadmap10.png
content/lectures/EnE_Modelling_Metabolism_to_Interactions/graphics/Roadmap11.png	content/lectures/ene_modelling_metabolism_to_interactions/graphics/Roadmap11.png
content/lectures/EnE_Modelling_Metabolism_to_Interactions/graphics/Roadmap12.png	content/lectures/ene_modelling_metabolism_to_interactions/graphics/Roadmap12.png
content/lectures/EnE_Modelling_Metabolism_to_Interactions/graphics/Roadmap2.png	content/lectures/ene_modelling_metabolism_to_interactions/graphics/Roadmap2.png
content/lectures/EnE_Modelling_Metabolism_to_Interactions/graphics/Roadmap3.png	content/lectures/ene_modelling_metabolism_to_interactions/graphics/Roadmap3.png
content/lectures/EnE_Modelling_Metabolism_to_Interactions/graphics/Roadmap4.png	content/lectures/ene_modelling_metabolism_to_interactions/graphics/Roadmap4.png
content/lectures/EnE_Modelling_Metabolism_to_Interactions/graphics/Roadmap5.png	content/lectures/ene_modelling_metabolism_to_interactions/graphics/Roadmap5.png
content/lectures/EnE_Modelling_Metabolism_to_Interactions/graphics/Roadmap6.png	content/lectures/ene_modelling_metabolism_to_interactions/graphics/Roadmap6.png
content/lectures/EnE_Modelling_Metabolism_to_Interactions/graphics/Roadmap7.png	content/lectures/ene_modelling_metabolism_to_interactions/graphics/Roadmap7.png
content/lectures/EnE_Modelling_Metabolism_to_Interactions/graphics/Roadmap8.png	content/lectures/ene_modelling_metabolism_to_interactions/graphics/Roadmap8.png
content/lectures/EnE_Modelling_Metabolism_to_Interactions/graphics/Roadmap9.png	content/lectures/ene_modelling_metabolism_to_interactions/graphics/Roadmap9.png
content/lectures/EnE_Modelling_Metabolism_to_Interactions/graphics/Robustness.pdf	content/lectures/ene_modelling_metabolism_to_interactions/graphics/Robustness.pdf
content/lectures/EnE_Modelling_Metabolism_to_Interactions/graphics/Robustness.png	content/lectures/ene_modelling_metabolism_to_interactions/graphics/Robustness.png
content/lectures/EnE_Modelling_Metabolism_to_Interactions/graphics/SeaLion.pdf	content/lectures/ene_modelling_metabolism_to_interactions/graphics/SeaLion.pdf
content/lectures/EnE_Modelling_Metabolism_to_Interactions/graphics/SeaLion.png	content/lectures/ene_modelling_metabolism_to_interactions/graphics/SeaLion.png
content/lectures/EnE_Modelling_Metabolism_to_Interactions/graphics/SilwoodWeb.png	content/lectures/ene_modelling_metabolism_to_interactions/graphics/SilwoodWeb.png
content/lectures/EnE_Modelling_Metabolism_to_Interactions/graphics/Size-ratioL.pdf	content/lectures/ene_modelling_metabolism_to_interactions/graphics/Size-ratioL.pdf
content/lectures/EnE_Modelling_Metabolism_to_Interactions/graphics/Size-ratioL.png	content/lectures/ene_modelling_metabolism_to_interactions/graphics/Size-ratioL.png
content/lectures/EnE_Modelling_Metabolism_to_Interactions/graphics/Size-ratioS.pdf	content/lectures/ene_modelling_metabolism_to_interactions/graphics/Size-ratioS.pdf
content/lectures/EnE_Modelling_Metabolism_to_Interactions/graphics/Size-ratioS.png	content/lectures/ene_modelling_metabolism_to_interactions/graphics/Size-ratioS.png
content/lectures/EnE_Modelling_Metabolism_to_Interactions/graphics/SocialWeb.png	content/lectures/ene_modelling_metabolism_to_interactions/graphics/SocialWeb.png
content/lectures/EnE_Modelling_Metabolism_to_Interactions/graphics/TheSun.jpg	content/lectures/ene_modelling_metabolism_to_interactions/graphics/TheSun.jpg
content/lectures/EnE_Modelling_Metabolism_to_Interactions/graphics/Why_Big.jpg	content/lectures/ene_modelling_metabolism_to_interactions/graphics/Why_Big.jpg
content/lectures/EnE_Modelling_Metabolism_to_Interactions/graphics/back.jpg	content/lectures/ene_modelling_metabolism_to_interactions/graphics/back.jpg
content/lectures/EnE_Modelling_Metabolism_to_Interactions/graphics/device.png	content/lectures/ene_modelling_metabolism_to_interactions/graphics/device.png
content/lectures/EnE_Modelling_Metabolism_to_Interactions/graphics/fester.jpg	content/lectures/ene_modelling_metabolism_to_interactions/graphics/fester.jpg
content/lectures/EnE_Modelling_Metabolism_to_Interactions/graphics/history-of-life.jpg	content/lectures/ene_modelling_metabolism_to_interactions/graphics/history-of-life.jpg
content/lectures/EnE_Modelling_Metabolism_to_Interactions/graphics/history-of-life.svg	content/lectures/ene_modelling_metabolism_to_interactions/graphics/history-of-life.svg
content/lectures/EnE_Modelling_Metabolism_to_Interactions/graphics/logo.pdf	content/lectures/ene_modelling_metabolism_to_interactions/graphics/logo.pdf
content/lectures/EnE_Modelling_Metabolism_to_Interactions/graphics/logo.png	content/lectures/ene_modelling_metabolism_to_interactions/graphics/logo.png
content/lectures/EnE_Modelling_Metabolism_to_Interactions/graphics/logo.svg	content/lectures/ene_modelling_metabolism_to_interactions/graphics/logo.svg
content/lectures/EnE_Modelling_Metabolism_to_Interactions/graphics/multicell.jpg	content/lectures/ene_modelling_metabolism_to_interactions/graphics/multicell.jpg
content/lectures/EnE_Modelling_Metabolism_to_Interactions/graphics/r_max.pdf	content/lectures/ene_modelling_metabolism_to_interactions/graphics/r_max.pdf
content/lectures/EnE_Modelling_Metabolism_to_Interactions/graphics/r_max.png	content/lectures/ene_modelling_metabolism_to_interactions/graphics/r_max.png
content/lectures/EnE_Modelling_Metabolism_to_Interactions/graphics/seasonalnetwork(BBG).png	content/lectures/ene_modelling_metabolism_to_interactions/graphics/seasonalnetwork(BBG).png
content/lectures/EnE_Modelling_Metabolism_to_Interactions/graphics/seasonalnetwork(IBGE).png	content/lectures/ene_modelling_metabolism_to_interactions/graphics/seasonalnetwork(IBGE).png
content/lectures/EnE_Modelling_Metabolism_to_Interactions/preamble.tex	content/lectures/ene_modelling_metabolism_to_interactions/preamble.tex
content/lectures/EnE_Modelling_Metabolism_to_Interactions/rgb.tex	content/lectures/ene_modelling_metabolism_to_interactions/rgb.tex
content/lectures/LinearModels/Pawar_LinMods.pdf	content/lectures/linearmodels/Pawar_LinMods.pdf
content/lectures/LinearModels/Pawar_LinMods.tex	content/lectures/linearmodels/Pawar_LinMods.tex
content/lectures/LinearModels/Pawar_LinMods_handout.pdf	content/lectures/linearmodels/Pawar_LinMods_handout.pdf
content/lectures/LinearModels/graphics/ANOVA_is_LM.pdf	content/lectures/linearmodels/graphics/ANOVA_is_LM.pdf
content/lectures/LinearModels/graphics/ANOVA_mod.pdf	content/lectures/linearmodels/graphics/ANOVA_mod.pdf
content/lectures/LinearModels/graphics/ANOVA_mod2.pdf	content/lectures/linearmodels/graphics/ANOVA_mod2.pdf
content/lectures/LinearModels/graphics/ANOVA_null.pdf	content/lectures/linearmodels/graphics/ANOVA_null.pdf
content/lectures/LinearModels/graphics/Akashiwo_sanguinea_strain_YRB_Boyd_et_al_2013_3391_1184.svg	content/lectures/linearmodels/graphics/Akashiwo_sanguinea_strain_YRB_Boyd_et_al_2013_3391_1184.svg
content/lectures/LinearModels/graphics/Animate.pdf	content/lectures/linearmodels/graphics/Animate.pdf
content/lectures/LinearModels/graphics/Anova.pdf	content/lectures/linearmodels/graphics/Anova.pdf
content/lectures/LinearModels/graphics/AnovaCoef.pdf	content/lectures/linearmodels/graphics/AnovaCoef.pdf
content/lectures/LinearModels/graphics/Anscombe.pdf	content/lectures/linearmodels/graphics/Anscombe.pdf
content/lectures/LinearModels/graphics/Ara_ararauna.jpg	content/lectures/linearmodels/graphics/Ara_ararauna.jpg
content/lectures/LinearModels/graphics/Average_Temperature_Map.jpg	content/lectures/linearmodels/graphics/Average_Temperature_Map.jpg
content/lectures/LinearModels/graphics/Average_Temperature_Map_Small.jpg	content/lectures/linearmodels/graphics/Average_Temperature_Map_Small.jpg
content/lectures/LinearModels/graphics/BadFitResid.pdf	content/lectures/linearmodels/graphics/BadFitResid.pdf
content/lectures/LinearModels/graphics/BadQQNorm.pdf	content/lectures/linearmodels/graphics/BadQQNorm.pdf
content/lectures/LinearModels/graphics/CMEE_Fungus.jpg	content/lectures/linearmodels/graphics/CMEE_Fungus.jpg
content/lectures/LinearModels/graphics/CarnivoreBMRplot.pdf	content/lectures/linearmodels/graphics/CarnivoreBMRplot.pdf
content/lectures/LinearModels/graphics/CoefMarkup.pdf	content/lectures/linearmodels/graphics/CoefMarkup.pdf
content/lectures/LinearModels/graphics/ConstantVariance.pdf	content/lectures/linearmodels/graphics/ConstantVariance.pdf
content/lectures/LinearModels/graphics/ConstantVarianceDat.pdf	content/lectures/linearmodels/graphics/ConstantVarianceDat.pdf
content/lectures/LinearModels/graphics/ConstantVarianceMods.pdf	content/lectures/linearmodels/graphics/ConstantVarianceMods.pdf
content/lectures/LinearModels/graphics/DiagModDamsel.pdf	content/lectures/linearmodels/graphics/DiagModDamsel.pdf
content/lectures/LinearModels/graphics/DiagModDragon.pdf	content/lectures/linearmodels/graphics/DiagModDragon.pdf
content/lectures/LinearModels/graphics/EcoEvoRoadmap.pdf	content/lectures/linearmodels/graphics/EcoEvoRoadmap.pdf
content/lectures/LinearModels/graphics/Error.pdf	content/lectures/linearmodels/graphics/Error.pdf
content/lectures/LinearModels/graphics/FAnimate.pdf	content/lectures/linearmodels/graphics/FAnimate.pdf
content/lectures/LinearModels/graphics/FAnimate.txt	content/lectures/linearmodels/graphics/FAnimate.txt
content/lectures/LinearModels/graphics/F_extremes.pdf	content/lectures/linearmodels/graphics/F_extremes.pdf
content/lectures/LinearModels/graphics/F_simulated.pdf	content/lectures/linearmodels/graphics/F_simulated.pdf
content/lectures/LinearModels/graphics/Factor.pdf	content/lectures/linearmodels/graphics/Factor.pdf
content/lectures/LinearModels/graphics/Figure1.pdf	content/lectures/linearmodels/graphics/Figure1.pdf
content/lectures/LinearModels/graphics/FigureMatrix.pdf	content/lectures/linearmodels/graphics/FigureMatrix.pdf
content/lectures/LinearModels/graphics/FirstExample.pdf	content/lectures/linearmodels/graphics/FirstExample.pdf
content/lectures/LinearModels/graphics/FitResid.pdf	content/lectures/linearmodels/graphics/FitResid.pdf
content/lectures/LinearModels/graphics/GDbarplot.pdf	content/lectures/linearmodels/graphics/GDbarplot.pdf
content/lectures/LinearModels/graphics/GLM_barplot.pdf	content/lectures/linearmodels/graphics/GLM_barplot.pdf
content/lectures/LinearModels/graphics/GLM_lattice.pdf	content/lectures/linearmodels/graphics/GLM_lattice.pdf
content/lectures/LinearModels/graphics/GLMexample.pdf	content/lectures/linearmodels/graphics/GLMexample.pdf
content/lectures/LinearModels/graphics/GenoRegModels.pdf	content/lectures/linearmodels/graphics/GenoRegModels.pdf
content/lectures/LinearModels/graphics/GenomeSize.pdf	content/lectures/linearmodels/graphics/GenomeSize.pdf
content/lectures/LinearModels/graphics/Geronimo.jpg	content/lectures/linearmodels/graphics/Geronimo.jpg
content/lectures/LinearModels/graphics/Girko.pdf	content/lectures/linearmodels/graphics/Girko.pdf
content/lectures/LinearModels/graphics/HorrorVacui.png	content/lectures/linearmodels/graphics/HorrorVacui.png
content/lectures/LinearModels/graphics/IBM_Blue_Gene.jpg	content/lectures/linearmodels/graphics/IBM_Blue_Gene.jpg
content/lectures/LinearModels/graphics/Imperial_Color1.pdf	content/lectures/linearmodels/graphics/Imperial_Color1.pdf
content/lectures/LinearModels/graphics/Intercept.pdf	content/lectures/linearmodels/graphics/Intercept.pdf
content/lectures/LinearModels/graphics/Intermediate.pdf	content/lectures/linearmodels/graphics/Intermediate.pdf
content/lectures/LinearModels/graphics/IntroLecture.pdf	content/lectures/linearmodels/graphics/IntroLecture.pdf
content/lectures/LinearModels/graphics/Iris_setosa.jpg	content/lectures/linearmodels/graphics/Iris_setosa.jpg
content/lectures/LinearModels/graphics/JoLe.pdf	content/lectures/linearmodels/graphics/JoLe.pdf
content/lectures/LinearModels/graphics/Joel_Microscope.png	content/lectures/linearmodels/graphics/Joel_Microscope.png
content/lectures/LinearModels/graphics/JustRight.pdf	content/lectures/linearmodels/graphics/JustRight.pdf
content/lectures/LinearModels/graphics/Leverage.pdf	content/lectures/linearmodels/graphics/Leverage.pdf
content/lectures/LinearModels/graphics/Leverage.svg	content/lectures/linearmodels/graphics/Leverage.svg
content/lectures/LinearModels/graphics/LinMods_Lecture.pdf	content/lectures/linearmodels/graphics/LinMods_Lecture.pdf
content/lectures/LinearModels/graphics/Linear.pdf	content/lectures/linearmodels/graphics/Linear.pdf
content/lectures/LinearModels/graphics/LinearAlgebraQR.txt	content/lectures/linearmodels/graphics/LinearAlgebraQR.txt
content/lectures/LinearModels/graphics/LinearModels.pdf	content/lectures/linearmodels/graphics/LinearModels.pdf
content/lectures/LinearModels/graphics/LinearModels.svg	content/lectures/linearmodels/graphics/LinearModels.svg
content/lectures/LinearModels/graphics/MyBars.pdf	content/lectures/linearmodels/graphics/MyBars.pdf
content/lectures/LinearModels/graphics/MyLinReg.pdf	content/lectures/linearmodels/graphics/MyLinReg.pdf
content/lectures/LinearModels/graphics/NonConstantVarianceMods.pdf	content/lectures/linearmodels/graphics/NonConstantVarianceMods.pdf
content/lectures/LinearModels/graphics/NullSaturated.pdf	content/lectures/linearmodels/graphics/NullSaturated.pdf
content/lectures/LinearModels/graphics/OneWay.pdf	content/lectures/linearmodels/graphics/OneWay.pdf
content/lectures/LinearModels/graphics/Origin.pdf	content/lectures/linearmodels/graphics/Origin.pdf
content/lectures/LinearModels/graphics/PPHist1.pdf	content/lectures/linearmodels/graphics/PPHist1.pdf
content/lectures/LinearModels/graphics/PPOverlay.pdf	content/lectures/linearmodels/graphics/PPOverlay.pdf
content/lectures/LinearModels/graphics/PPScat1.pdf	content/lectures/linearmodels/graphics/PPScat1.pdf
content/lectures/LinearModels/graphics/PPScat2.pdf	content/lectures/linearmodels/graphics/PPScat2.pdf
content/lectures/LinearModels/graphics/PPScat3.pdf	content/lectures/linearmodels/graphics/PPScat3.pdf
content/lectures/LinearModels/graphics/PPScat4.pdf	content/lectures/linearmodels/graphics/PPScat4.pdf
content/lectures/LinearModels/graphics/PPScatFancy.pdf	content/lectures/linearmodels/graphics/PPScatFancy.pdf
content/lectures/LinearModels/graphics/PP_Lattice.pdf	content/lectures/linearmodels/graphics/PP_Lattice.pdf
content/lectures/LinearModels/graphics/Pieter_Fish.jpg	content/lectures/linearmodels/graphics/Pieter_Fish.jpg
content/lectures/LinearModels/graphics/Plots.R	content/lectures/linearmodels/graphics/Plots.R
content/lectures/LinearModels/graphics/PrHist1.pdf	content/lectures/linearmodels/graphics/PrHist1.pdf
content/lectures/LinearModels/graphics/PrHist2.pdf	content/lectures/linearmodels/graphics/PrHist2.pdf
content/lectures/LinearModels/graphics/PrHist3.pdf	content/lectures/linearmodels/graphics/PrHist3.pdf
content/lectures/LinearModels/graphics/PredBoxP1.pdf	content/lectures/linearmodels/graphics/PredBoxP1.pdf
content/lectures/LinearModels/graphics/PredBoxP2.pdf	content/lectures/linearmodels/graphics/PredBoxP2.pdf
content/lectures/LinearModels/graphics/Predicted.pdf	content/lectures/linearmodels/graphics/Predicted.pdf
content/lectures/LinearModels/graphics/QQNorm.pdf	content/lectures/linearmodels/graphics/QQNorm.pdf
content/lectures/LinearModels/graphics/RStudio.png	content/lectures/linearmodels/graphics/RStudio.png
content/lectures/LinearModels/graphics/R_Linux.png	content/lectures/linearmodels/graphics/R_Linux.png
content/lectures/LinearModels/graphics/R_logo.png	content/lectures/linearmodels/graphics/R_logo.png
content/lectures/LinearModels/graphics/ResidDemo.pdf	content/lectures/linearmodels/graphics/ResidDemo.pdf
content/lectures/LinearModels/graphics/Scatterplot.pdf	content/lectures/linearmodels/graphics/Scatterplot.pdf
content/lectures/LinearModels/graphics/ScatterplotGroup.pdf	content/lectures/linearmodels/graphics/ScatterplotGroup.pdf
content/lectures/LinearModels/graphics/ScatterplotSingle.pdf	content/lectures/linearmodels/graphics/ScatterplotSingle.pdf
content/lectures/LinearModels/graphics/SchoolfEx.pdf	content/lectures/linearmodels/graphics/SchoolfEx.pdf
content/lectures/LinearModels/graphics/SeaLion.pdf	content/lectures/linearmodels/graphics/SeaLion.pdf
content/lectures/LinearModels/graphics/TLbarplot.pdf	content/lectures/linearmodels/graphics/TLbarplot.pdf
content/lectures/LinearModels/graphics/T_examples.pdf	content/lectures/linearmodels/graphics/T_examples.pdf
content/lectures/LinearModels/graphics/TooFlat.pdf	content/lectures/linearmodels/graphics/TooFlat.pdf
content/lectures/LinearModels/graphics/TooSteep.pdf	content/lectures/linearmodels/graphics/TooSteep.pdf
content/lectures/LinearModels/graphics/Tukey.pdf	content/lectures/linearmodels/graphics/Tukey.pdf
content/lectures/LinearModels/graphics/TukeyPLot.pdf	content/lectures/linearmodels/graphics/TukeyPLot.pdf
content/lectures/LinearModels/graphics/TwoVars.pdf	content/lectures/linearmodels/graphics/TwoVars.pdf
content/lectures/LinearModels/graphics/TwoVarsHighlight.pdf	content/lectures/linearmodels/graphics/TwoVarsHighlight.pdf
content/lectures/LinearModels/graphics/VC.gif	content/lectures/linearmodels/graphics/VC.gif
content/lectures/LinearModels/graphics/VC.png	content/lectures/linearmodels/graphics/VC.png
content/lectures/LinearModels/graphics/Varying.pdf	content/lectures/linearmodels/graphics/Varying.pdf
content/lectures/LinearModels/graphics/Varying_timeline.pdf	content/lectures/linearmodels/graphics/Varying_timeline.pdf
content/lectures/LinearModels/graphics/Varying_timeline.txt	content/lectures/linearmodels/graphics/Varying_timeline.txt
content/lectures/LinearModels/graphics/automation.png	content/lectures/linearmodels/graphics/automation.png
content/lectures/LinearModels/graphics/ballmer_peak.png	content/lectures/linearmodels/graphics/ballmer_peak.png
content/lectures/LinearModels/graphics/barplot.pdf	content/lectures/linearmodels/graphics/barplot.pdf
content/lectures/LinearModels/graphics/barplot_1.pdf	content/lectures/linearmodels/graphics/barplot_1.pdf
content/lectures/LinearModels/graphics/barplotpred.pdf	content/lectures/linearmodels/graphics/barplotpred.pdf
content/lectures/LinearModels/graphics/benchmark.png	content/lectures/linearmodels/graphics/benchmark.png
content/lectures/LinearModels/graphics/boxplots.pdf	content/lectures/linearmodels/graphics/boxplots.pdf
content/lectures/LinearModels/graphics/bwplots.pdf	content/lectures/linearmodels/graphics/bwplots.pdf
content/lectures/LinearModels/graphics/bxp.pdf	content/lectures/linearmodels/graphics/bxp.pdf
content/lectures/LinearModels/graphics/bxp2.pdf	content/lectures/linearmodels/graphics/bxp2.pdf
content/lectures/LinearModels/graphics/bxpBW.pdf	content/lectures/linearmodels/graphics/bxpBW.pdf
content/lectures/LinearModels/graphics/bxpTL.pdf	content/lectures/linearmodels/graphics/bxpTL.pdf
content/lectures/LinearModels/graphics/cautionary.png	content/lectures/linearmodels/graphics/cautionary.png
content/lectures/LinearModels/graphics/chisq.pdf	content/lectures/linearmodels/graphics/chisq.pdf
content/lectures/LinearModels/graphics/computer_problems.png	content/lectures/linearmodels/graphics/computer_problems.png
content/lectures/LinearModels/graphics/corr.pdf	content/lectures/linearmodels/graphics/corr.pdf
content/lectures/LinearModels/graphics/cvs.jpg	content/lectures/linearmodels/graphics/cvs.jpg
content/lectures/LinearModels/graphics/cvs.png	content/lectures/linearmodels/graphics/cvs.png
content/lectures/LinearModels/graphics/densTL.pdf	content/lectures/linearmodels/graphics/densTL.pdf
content/lectures/LinearModels/graphics/diagnostics.pdf	content/lectures/linearmodels/graphics/diagnostics.pdf
content/lectures/LinearModels/graphics/diagnostics1.pdf	content/lectures/linearmodels/graphics/diagnostics1.pdf
content/lectures/LinearModels/graphics/diagnostics_1.pdf	content/lectures/linearmodels/graphics/diagnostics_1.pdf
content/lectures/LinearModels/graphics/dontpanic-marvin-ltr.jpeg	content/lectures/linearmodels/graphics/dontpanic-marvin-ltr.jpeg
content/lectures/LinearModels/graphics/dragonData.pdf	content/lectures/linearmodels/graphics/dragonData.pdf
content/lectures/LinearModels/graphics/felidae.png	content/lectures/linearmodels/graphics/felidae.png
content/lectures/LinearModels/graphics/fvals.pdf	content/lectures/linearmodels/graphics/fvals.pdf
content/lectures/LinearModels/graphics/git.png	content/lectures/linearmodels/graphics/git.png
content/lectures/LinearModels/graphics/git_xkcd.png	content/lectures/linearmodels/graphics/git_xkcd.png
content/lectures/LinearModels/graphics/good_code.png	content/lectures/linearmodels/graphics/good_code.png
content/lectures/LinearModels/graphics/gsVbw.pdf	content/lectures/linearmodels/graphics/gsVbw.pdf
content/lectures/LinearModels/graphics/histBW.pdf	content/lectures/linearmodels/graphics/histBW.pdf
content/lectures/LinearModels/graphics/histBW1.pdf	content/lectures/linearmodels/graphics/histBW1.pdf
content/lectures/LinearModels/graphics/histBW2.pdf	content/lectures/linearmodels/graphics/histBW2.pdf
content/lectures/LinearModels/graphics/histTL1.pdf	content/lectures/linearmodels/graphics/histTL1.pdf
content/lectures/LinearModels/graphics/histTL2.pdf	content/lectures/linearmodels/graphics/histTL2.pdf
content/lectures/LinearModels/graphics/lmDisaster.pdf	content/lectures/linearmodels/graphics/lmDisaster.pdf
content/lectures/LinearModels/graphics/logBxp.pdf	content/lectures/linearmodels/graphics/logBxp.pdf
content/lectures/LinearModels/graphics/mamMod.pdf	content/lectures/linearmodels/graphics/mamMod.pdf
content/lectures/LinearModels/graphics/mamMod.svg	content/lectures/linearmodels/graphics/mamMod.svg
content/lectures/LinearModels/graphics/miktex.png	content/lectures/linearmodels/graphics/miktex.png
content/lectures/LinearModels/graphics/modelDiag.pdf	content/lectures/linearmodels/graphics/modelDiag.pdf
content/lectures/LinearModels/graphics/models.pdf	content/lectures/linearmodels/graphics/models.pdf
content/lectures/LinearModels/graphics/morphSelect.pdf	content/lectures/linearmodels/graphics/morphSelect.pdf
content/lectures/LinearModels/graphics/multmod.pdf	content/lectures/linearmodels/graphics/multmod.pdf
content/lectures/LinearModels/graphics/numpyarray.png	content/lectures/linearmodels/graphics/numpyarray.png
content/lectures/LinearModels/graphics/odonPlot.pdf	content/lectures/linearmodels/graphics/odonPlot.pdf
content/lectures/LinearModels/graphics/pairs.pdf	content/lectures/linearmodels/graphics/pairs.pdf
content/lectures/LinearModels/graphics/pairsLog.pdf	content/lectures/linearmodels/graphics/pairsLog.pdf
content/lectures/LinearModels/graphics/pch.pdf	content/lectures/linearmodels/graphics/pch.pdf
content/lectures/LinearModels/graphics/plotmeans.pdf	content/lectures/linearmodels/graphics/plotmeans.pdf
content/lectures/LinearModels/graphics/pois1.pdf	content/lectures/linearmodels/graphics/pois1.pdf
content/lectures/LinearModels/graphics/pois2.pdf	content/lectures/linearmodels/graphics/pois2.pdf
content/lectures/LinearModels/graphics/pois3.pdf	content/lectures/linearmodels/graphics/pois3.pdf
content/lectures/LinearModels/graphics/pois4.pdf	content/lectures/linearmodels/graphics/pois4.pdf
content/lectures/LinearModels/graphics/poisDiag.pdf	content/lectures/linearmodels/graphics/poisDiag.pdf
content/lectures/LinearModels/graphics/predPlot.pdf	content/lectures/linearmodels/graphics/predPlot.pdf
content/lectures/LinearModels/graphics/programming.png	content/lectures/linearmodels/graphics/programming.png
content/lectures/LinearModels/graphics/python.png	content/lectures/linearmodels/graphics/python.png
content/lectures/LinearModels/graphics/pythonhomew.jpg	content/lectures/linearmodels/graphics/pythonhomew.jpg
content/lectures/LinearModels/graphics/qpoisDiag.pdf	content/lectures/linearmodels/graphics/qpoisDiag.pdf
content/lectures/LinearModels/graphics/regResid.pdf	content/lectures/linearmodels/graphics/regResid.pdf
content/lectures/LinearModels/graphics/regex.png	content/lectures/linearmodels/graphics/regex.png
content/lectures/LinearModels/graphics/sandwich.png	content/lectures/linearmodels/graphics/sandwich.png
content/lectures/LinearModels/graphics/scatWing.pdf	content/lectures/linearmodels/graphics/scatWing.pdf
content/lectures/LinearModels/graphics/sql.png	content/lectures/linearmodels/graphics/sql.png
content/lectures/LinearModels/graphics/success.png	content/lectures/linearmodels/graphics/success.png
content/lectures/LinearModels/graphics/sudo.png	content/lectures/linearmodels/graphics/sudo.png
content/lectures/LinearModels/graphics/tAnimate.pdf	content/lectures/linearmodels/graphics/tAnimate.pdf
content/lectures/LinearModels/graphics/tAnimate.txt	content/lectures/linearmodels/graphics/tAnimate.txt
content/lectures/LinearModels/graphics/t_extremes.pdf	content/lectures/linearmodels/graphics/t_extremes.pdf
content/lectures/LinearModels/graphics/test.pdf	content/lectures/linearmodels/graphics/test.pdf
content/lectures/LinearModels/graphics/thelodermaasper.JPG	content/lectures/linearmodels/graphics/thelodermaasper.JPG
content/lectures/LinearModels/graphics/transform.pdf	content/lectures/linearmodels/graphics/transform.pdf
content/lectures/LinearModels/graphics/tvals.pdf	content/lectures/linearmodels/graphics/tvals.pdf
content/lectures/LinearModels/graphics/twosampleIllustration.pdf	content/lectures/linearmodels/graphics/twosampleIllustration.pdf
content/lectures/LinearModels/graphics/twosampleIllustration.tex	content/lectures/linearmodels/graphics/twosampleIllustration.tex
content/lectures/LinearModels/graphics/twosampleIllustration.tikz	content/lectures/linearmodels/graphics/twosampleIllustration.tikz
content/lectures/LinearModels/graphics/unix-tree.png	content/lectures/linearmodels/graphics/unix-tree.png
content/lectures/LinearModels/graphics/unnamed-chunk-6.pdf	content/lectures/linearmodels/graphics/unnamed-chunk-6.pdf
content/lectures/LinearModels/graphics/unnamed-chunk-7.pdf	content/lectures/linearmodels/graphics/unnamed-chunk-7.pdf
content/lectures/LinearModels/graphics/unnamed-chunk-8.pdf	content/lectures/linearmodels/graphics/unnamed-chunk-8.pdf
content/lectures/LinearModels/graphics/workflow.png	content/lectures/linearmodels/graphics/workflow.png
content/lectures/LinearModels/inputs/rgb.tex	content/lectures/linearmodels/inputs/rgb.tex
content/lectures/NLLS/Pawar_NLLS.pdf	content/lectures/nlls/Pawar_NLLS.pdf
content/lectures/NLLS/Pawar_NLLS.tex	content/lectures/nlls/Pawar_NLLS.tex
content/lectures/NLLS/Pawar_NLLS_handout.pdf	content/lectures/nlls/Pawar_NLLS_handout.pdf
content/lectures/NLLS/graphics/164.pdf	content/lectures/nlls/graphics/164.pdf
content/lectures/NLLS/graphics/FR.pdf	content/lectures/nlls/graphics/FR.pdf
content/lectures/NLLS/graphics/FR.svg	content/lectures/nlls/graphics/FR.svg
content/lectures/NLLS/graphics/FR_eg.pdf	content/lectures/nlls/graphics/FR_eg.pdf
content/lectures/NLLS/graphics/Imperial_Color1.pdf	content/lectures/nlls/graphics/Imperial_Color1.pdf
content/lectures/NLLS/graphics/JustRight.pdf	content/lectures/nlls/graphics/JustRight.pdf
content/lectures/NLLS/graphics/Linear.pdf	content/lectures/nlls/graphics/Linear.pdf
content/lectures/NLLS/graphics/Linear.png	content/lectures/nlls/graphics/Linear.png
content/lectures/NLLS/graphics/Linear.svg	content/lectures/nlls/graphics/Linear.svg
content/lectures/NLLS/graphics/MM.pdf	content/lectures/nlls/graphics/MM.pdf
content/lectures/NLLS/graphics/MM.png	content/lectures/nlls/graphics/MM.png
content/lectures/NLLS/graphics/MM.svg	content/lectures/nlls/graphics/MM.svg
content/lectures/NLLS/graphics/MM_backup.svg	content/lectures/nlls/graphics/MM_backup.svg
content/lectures/NLLS/graphics/Photobacterium.pdf	content/lectures/nlls/graphics/Photobacterium.pdf
content/lectures/NLLS/graphics/RSS_min.pdf	content/lectures/nlls/graphics/RSS_min.pdf
content/lectures/NLLS/graphics/RSS_min.png	content/lectures/nlls/graphics/RSS_min.png
content/lectures/NLLS/graphics/RSS_min.svg	content/lectures/nlls/graphics/RSS_min.svg
content/lectures/NLLS/graphics/RSS_min_alt.svg	content/lectures/nlls/graphics/RSS_min_alt.svg
content/lectures/NLLS/graphics/Varying.pdf	content/lectures/nlls/graphics/Varying.pdf
content/lectures/NLLS/inputs/rgb.tex	content/lectures/nlls/inputs/rgb.tex
content/notebooks/ANOVA.ipynb	content/notebooks/anova.ipynb
content/notebooks/Appendix-Assessment.md	content/notebooks/appendix-assessment.md
content/notebooks/Appendix-Data-Python.ipynb	content/notebooks/appendix-data-python.ipynb
content/notebooks/Appendix-Databases.ipynb	content/notebooks/appendix-databases.ipynb
content/notebooks/Appendix-HighPerformanceComputing.md	content/notebooks/appendix-high-performance-computing.md
content/notebooks/Appendix-JupyIntro.ipynb	content/notebooks/appendix-jupy-intro.ipynb
content/notebooks/Appendix-Maths.ipynb	content/notebooks/appendix-maths.ipynb
content/notebooks/Appendix-MathsForBiologists/.DS_Store	content/notebooks/appendix-mathsforbiologists/.DS_Store
content/notebooks/Appendix-MathsForBiologists/Circle_radians.gif	content/notebooks/appendix-mathsforbiologists/Circle_radians.gif
content/notebooks/Appendix-MathsForBiologists/Maths_tutorial___lecture_01.pdf	content/notebooks/appendix-mathsforbiologists/Maths_tutorial___lecture_01.pdf
content/notebooks/Appendix-MathsForBiologists/angle.png	content/notebooks/appendix-mathsforbiologists/angle.png
content/notebooks/Appendix-MathsForBiologists/angle.svg	content/notebooks/appendix-mathsforbiologists/angle.svg
content/notebooks/Appendix-MathsForBiologists/cases01a.png	content/notebooks/appendix-mathsforbiologists/cases01a.png
content/notebooks/Appendix-MathsForBiologists/cases01a.svg	content/notebooks/appendix-mathsforbiologists/cases01a.svg
content/notebooks/Appendix-MathsForBiologists/cases01b.png	content/notebooks/appendix-mathsforbiologists/cases01b.png
content/notebooks/Appendix-MathsForBiologists/cases01b.svg	content/notebooks/appendix-mathsforbiologists/cases01b.svg
content/notebooks/Appendix-MathsForBiologists/cases02.png	content/notebooks/appendix-mathsforbiologists/cases02.png
content/notebooks/Appendix-MathsForBiologists/cases02.svg	content/notebooks/appendix-mathsforbiologists/cases02.svg
content/notebooks/Appendix-MathsForBiologists/cases03.png	content/notebooks/appendix-mathsforbiologists/cases03.png
content/notebooks/Appendix-MathsForBiologists/cases03.svg	content/notebooks/appendix-mathsforbiologists/cases03.svg
content/notebooks/Appendix-MathsForBiologists/cloud.png	content/notebooks/appendix-mathsforbiologists/cloud.png
content/notebooks/Appendix-MathsForBiologists/comp_signal.png	content/notebooks/appendix-mathsforbiologists/comp_signal.png
content/notebooks/Appendix-MathsForBiologists/concav.png	content/notebooks/appendix-mathsforbiologists/concav.png
content/notebooks/Appendix-MathsForBiologists/concav.svg	content/notebooks/appendix-mathsforbiologists/concav.svg
content/notebooks/Appendix-MathsForBiologists/defin_int.png	content/notebooks/appendix-mathsforbiologists/defin_int.png
content/notebooks/Appendix-MathsForBiologists/defin_int.svg	content/notebooks/appendix-mathsforbiologists/defin_int.svg
content/notebooks/Appendix-MathsForBiologists/degree.png	content/notebooks/appendix-mathsforbiologists/degree.png
content/notebooks/Appendix-MathsForBiologists/eigenvec_01.png	content/notebooks/appendix-mathsforbiologists/eigenvec_01.png
content/notebooks/Appendix-MathsForBiologists/exp_lamb_01.png	content/notebooks/appendix-mathsforbiologists/exp_lamb_01.png
content/notebooks/Appendix-MathsForBiologists/exp_linapp.png	content/notebooks/appendix-mathsforbiologists/exp_linapp.png
content/notebooks/Appendix-MathsForBiologists/exp_series.gif	content/notebooks/appendix-mathsforbiologists/exp_series.gif
content/notebooks/Appendix-MathsForBiologists/expgrowth.png	content/notebooks/appendix-mathsforbiologists/expgrowth.png
content/notebooks/Appendix-MathsForBiologists/exponential_01.png	content/notebooks/appendix-mathsforbiologists/exponential_01.png
content/notebooks/Appendix-MathsForBiologists/exponential_01.svg	content/notebooks/appendix-mathsforbiologists/exponential_01.svg
content/notebooks/Appendix-MathsForBiologists/extrema.png	content/notebooks/appendix-mathsforbiologists/extrema.png
content/notebooks/Appendix-MathsForBiologists/extrema.svg	content/notebooks/appendix-mathsforbiologists/extrema.svg
content/notebooks/Appendix-MathsForBiologists/func_diff 2.png	content/notebooks/appendix-mathsforbiologists/func_diff 2.png
content/notebooks/Appendix-MathsForBiologists/func_diff.png	content/notebooks/appendix-mathsforbiologists/func_diff.png
content/notebooks/Appendix-MathsForBiologists/fund_calc.png	content/notebooks/appendix-mathsforbiologists/fund_calc.png
content/notebooks/Appendix-MathsForBiologists/fund_calc.svg	content/notebooks/appendix-mathsforbiologists/fund_calc.svg
content/notebooks/Appendix-MathsForBiologists/graph_example.png	content/notebooks/appendix-mathsforbiologists/graph_example.png
content/notebooks/Appendix-MathsForBiologists/hollingIII.png	content/notebooks/appendix-mathsforbiologists/hollingIII.png
content/notebooks/Appendix-MathsForBiologists/incr_decr.png	content/notebooks/appendix-mathsforbiologists/incr_decr.png
content/notebooks/Appendix-MathsForBiologists/incr_decr.svg	content/notebooks/appendix-mathsforbiologists/incr_decr.svg
content/notebooks/Appendix-MathsForBiologists/inflection.png	content/notebooks/appendix-mathsforbiologists/inflection.png
content/notebooks/Appendix-MathsForBiologists/inflection.svg	content/notebooks/appendix-mathsforbiologists/inflection.svg
content/notebooks/Appendix-MathsForBiologists/lin_trans.png	content/notebooks/appendix-mathsforbiologists/lin_trans.png
content/notebooks/Appendix-MathsForBiologists/lineq.png	content/notebooks/appendix-mathsforbiologists/lineq.png
content/notebooks/Appendix-MathsForBiologists/lineq.svg	content/notebooks/appendix-mathsforbiologists/lineq.svg
content/notebooks/Appendix-MathsForBiologists/log_base_01.png	content/notebooks/appendix-mathsforbiologists/log_base_01.png
content/notebooks/Appendix-MathsForBiologists/log_base_02.png	content/notebooks/appendix-mathsforbiologists/log_base_02.png
content/notebooks/Appendix-MathsForBiologists/log_series.gif	content/notebooks/appendix-mathsforbiologists/log_series.gif
content/notebooks/Appendix-MathsForBiologists/logistic.png	content/notebooks/appendix-mathsforbiologists/logistic.png
content/notebooks/Appendix-MathsForBiologists/MathsForBiologists.ipynb	content/notebooks/appendix-mathsforbiologists/maths-for-biologists.ipynb
content/notebooks/Appendix-MathsForBiologists/parent-offspring.png	content/notebooks/appendix-mathsforbiologists/parent-offspring.png
content/notebooks/Appendix-MathsForBiologists/plot_concav.png	content/notebooks/appendix-mathsforbiologists/plot_concav.png
content/notebooks/Appendix-MathsForBiologists/plot_extrema.png	content/notebooks/appendix-mathsforbiologists/plot_extrema.png
content/notebooks/Appendix-MathsForBiologists/pollinators.png	content/notebooks/appendix-mathsforbiologists/pollinators.png
content/notebooks/Appendix-MathsForBiologists/poly_deg0.png	content/notebooks/appendix-mathsforbiologists/poly_deg0.png
content/notebooks/Appendix-MathsForBiologists/poly_deg0.svg	content/notebooks/appendix-mathsforbiologists/poly_deg0.svg
content/notebooks/Appendix-MathsForBiologists/poly_deg1.png	content/notebooks/appendix-mathsforbiologists/poly_deg1.png
content/notebooks/Appendix-MathsForBiologists/poly_deg1.svg	content/notebooks/appendix-mathsforbiologists/poly_deg1.svg
content/notebooks/Appendix-MathsForBiologists/poly_deg1_02.png	content/notebooks/appendix-mathsforbiologists/poly_deg1_02.png
content/notebooks/Appendix-MathsForBiologists/poly_deg1_02.svg	content/notebooks/appendix-mathsforbiologists/poly_deg1_02.svg
content/notebooks/Appendix-MathsForBiologists/poly_deg2_01.png	content/notebooks/appendix-mathsforbiologists/poly_deg2_01.png
content/notebooks/Appendix-MathsForBiologists/poly_deg2_01.svg	content/notebooks/appendix-mathsforbiologists/poly_deg2_01.svg
content/notebooks/Appendix-MathsForBiologists/poly_deg2_02.png	content/notebooks/appendix-mathsforbiologists/poly_deg2_02.png
content/notebooks/Appendix-MathsForBiologists/poly_deg2_02.svg	content/notebooks/appendix-mathsforbiologists/poly_deg2_02.svg
content/notebooks/Appendix-MathsForBiologists/poly_deg2_delta01.png	content/notebooks/appendix-mathsforbiologists/poly_deg2_delta01.png
content/notebooks/Appendix-MathsForBiologists/poly_deg2_delta01.svg	content/notebooks/appendix-mathsforbiologists/poly_deg2_delta01.svg
content/notebooks/Appendix-MathsForBiologists/poly_deg2_delta02.png	content/notebooks/appendix-mathsforbiologists/poly_deg2_delta02.png
content/notebooks/Appendix-MathsForBiologists/poly_deg2_delta02.svg	content/notebooks/appendix-mathsforbiologists/poly_deg2_delta02.svg
content/notebooks/Appendix-MathsForBiologists/poly_deg2_delta03.png	content/notebooks/appendix-mathsforbiologists/poly_deg2_delta03.png
content/notebooks/Appendix-MathsForBiologists/poly_deg2_delta03.svg	content/notebooks/appendix-mathsforbiologists/poly_deg2_delta03.svg
content/notebooks/Appendix-MathsForBiologists/poly_deg2_roots.png	content/notebooks/appendix-mathsforbiologists/poly_deg2_roots.png
content/notebooks/Appendix-MathsForBiologists/poly_deg2_roots.svg	content/notebooks/appendix-mathsforbiologists/poly_deg2_roots.svg
content/notebooks/Appendix-MathsForBiologists/poly_deg2_vertex.png	content/notebooks/appendix-mathsforbiologists/poly_deg2_vertex.png
content/notebooks/Appendix-MathsForBiologists/poly_deg2_vertex.svg	content/notebooks/appendix-mathsforbiologists/poly_deg2_vertex.svg
content/notebooks/Appendix-MathsForBiologists/powerlaw_01.png	content/notebooks/appendix-mathsforbiologists/powerlaw_01.png
content/notebooks/Appendix-MathsForBiologists/rational_01.png	content/notebooks/appendix-mathsforbiologists/rational_01.png
content/notebooks/Appendix-MathsForBiologists/reflection 2.png	content/notebooks/appendix-mathsforbiologists/reflection 2.png
content/notebooks/Appendix-MathsForBiologists/reflection.png	content/notebooks/appendix-mathsforbiologists/reflection.png
content/notebooks/Appendix-MathsForBiologists/right_trig.png	content/notebooks/appendix-mathsforbiologists/right_trig.png
content/notebooks/Appendix-MathsForBiologists/right_trig.svg	content/notebooks/appendix-mathsforbiologists/right_trig.svg
content/notebooks/Appendix-MathsForBiologists/sec_tan.png	content/notebooks/appendix-mathsforbiologists/sec_tan.png
content/notebooks/Appendix-MathsForBiologists/sec_tan.svg	content/notebooks/appendix-mathsforbiologists/sec_tan.svg
content/notebooks/Appendix-MathsForBiologists/series_sin.png	content/notebooks/appendix-mathsforbiologists/series_sin.png
content/notebooks/Appendix-MathsForBiologists/sin_cos 2.png	content/notebooks/appendix-mathsforbiologists/sin_cos 2.png
content/notebooks/Appendix-MathsForBiologists/sin_cos.png	content/notebooks/appendix-mathsforbiologists/sin_cos.png
content/notebooks/Appendix-MathsForBiologists/slope_01.png	content/notebooks/appendix-mathsforbiologists/slope_01.png
content/notebooks/Appendix-MathsForBiologists/slopes_inc_dec.png	content/notebooks/appendix-mathsforbiologists/slopes_inc_dec.png
content/notebooks/Appendix-MathsForBiologists/slopes_inc_dec.svg	content/notebooks/appendix-mathsforbiologists/slopes_inc_dec.svg
content/notebooks/Appendix-MathsForBiologists/sum_areas.png	content/notebooks/appendix-mathsforbiologists/sum_areas.png
content/notebooks/Appendix-MathsForBiologists/sum_areas.svg	content/notebooks/appendix-mathsforbiologists/sum_areas.svg
content/notebooks/Appendix-MathsForBiologists/syslineq.png	content/notebooks/appendix-mathsforbiologists/syslineq.png
content/notebooks/Appendix-MathsForBiologists/syslineq.svg	content/notebooks/appendix-mathsforbiologists/syslineq.svg
content/notebooks/Appendix-MathsForBiologists/tan 2.png	content/notebooks/appendix-mathsforbiologists/tan 2.png
content/notebooks/Appendix-MathsForBiologists/tan.png	content/notebooks/appendix-mathsforbiologists/tan.png
content/notebooks/Appendix-MathsForBiologists/trig_circ.png	content/notebooks/appendix-mathsforbiologists/trig_circ.png
content/notebooks/Appendix-MathsForBiologists/trig_circ.svg	content/notebooks/appendix-mathsforbiologists/trig_circ.svg
content/notebooks/Appendix-MathsForBiologists/words_moby_dick.csv	content/notebooks/appendix-mathsforbiologists/words_moby_dick.csv
content/notebooks/Appendix-MathsForBiologists/xcube.png	content/notebooks/appendix-mathsforbiologists/xcube.png
content/notebooks/Appendix-MathsForBiologists/y1_signal.png	content/notebooks/appendix-mathsforbiologists/y1_signal.png
content/notebooks/Appendix-MathsForBiologists/y2_signal.png	content/notebooks/appendix-mathsforbiologists/y2_signal.png
content/notebooks/Appendix-MiniProj.ipynb	content/notebooks/appendix-mini-proj.ipynb
content/notebooks/Appendix-NLLS-Python.ipynb	content/notebooks/appendix-nlls-python.ipynb
content/notebooks/Appendix-TimeSeries.ipynb	content/notebooks/appendix-time-series.ipynb
content/notebooks/Bayesian.ipynb	content/notebooks/bayesian.ipynb
content/notebooks/Bayesian_Practicals/data/ABC_output.npy	content/notebooks/bayesian_practicals/data/ABC_output.npy
content/notebooks/Bayesian_Practicals/data/A_coc_1.dat	content/notebooks/bayesian_practicals/data/A_coc_1.dat
content/notebooks/Bayesian_Practicals/data/A_coc_2.dat	content/notebooks/bayesian_practicals/data/A_coc_2.dat
content/notebooks/Bayesian_Practicals/data/A_sep_1.dat	content/notebooks/bayesian_practicals/data/A_sep_1.dat
content/notebooks/Bayesian_Practicals/data/A_sep_2.dat	content/notebooks/bayesian_practicals/data/A_sep_2.dat
content/notebooks/Bayesian_Practicals/data/B_coc_1.dat	content/notebooks/bayesian_practicals/data/B_coc_1.dat
content/notebooks/Bayesian_Practicals/data/B_coc_2.dat	content/notebooks/bayesian_practicals/data/B_coc_2.dat
content/notebooks/Bayesian_Practicals/data/B_sep_1.dat	content/notebooks/bayesian_practicals/data/B_sep_1.dat
content/notebooks/Bayesian_Practicals/data/B_sep_2.dat	content/notebooks/bayesian_practicals/data/B_sep_2.dat
content/notebooks/Bayesian_Practicals/data/Likelihoods.npy	content/notebooks/bayesian_practicals/data/Likelihoods.npy
content/notebooks/Bayesian_Practicals/N1.probability.ipynb	content/notebooks/bayesian_practicals/n1-probability.ipynb
content/notebooks/Bayesian_Practicals/N2.penguins.ipynb	content/notebooks/bayesian_practicals/n2-penguins.ipynb
content/notebooks/Bayesian_Practicals/N3.cell_competition.ipynb	content/notebooks/bayesian_practicals/n3-cell-competition.ipynb
content/notebooks/Bayesian_Practicals/N4.nucleotide_substitution.ipynb	content/notebooks/bayesian_practicals/n4-nucleotide-substitution.ipynb
content/notebooks/Bayesian_Practicals/orangutan_human.csv	content/notebooks/bayesian_practicals/orangutan_human.csv
content/notebooks/Bayesian_Practicals/penguins.csv	content/notebooks/bayesian_practicals/penguins.csv
content/notebooks/Bayesian_Practicals/plot_functions.py	content/notebooks/bayesian_practicals/plot_functions.py
content/notebooks/Bayesian_Practicals/README.md	content/notebooks/bayesian_practicals/readme.md
content/notebooks/Bayesian_Practicals/solutions/N1.probability_solution.ipynb	content/notebooks/bayesian_practicals/solutions/n1-probability-solution.ipynb
content/notebooks/Bayesian_Practicals/solutions/N2.penguins_solution.ipynb	content/notebooks/bayesian_practicals/solutions/n2-penguins-solution.ipynb
content/notebooks/Bayesian_Practicals/solutions/N3.cell_competition_solution.ipynb	content/notebooks/bayesian_practicals/solutions/n3-cell-competition-solution.ipynb
content/notebooks/Bayesian_Practicals/solutions/N4.nucleotide_substitutionsolution.ipynb	content/notebooks/bayesian_practicals/solutions/n4-nucleotide-substitutionsolution.ipynb
content/notebooks/Bayesian_Practicals/solutions/README.md	content/notebooks/bayesian_practicals/solutions/readme.md
content/notebooks/CONTRIBUTIONS_template.md	content/notebooks/contributions-template.md
content/notebooks/Data_R.ipynb	content/notebooks/data-r.ipynb
content/notebooks/ExpDesign.ipynb	content/notebooks/exp-design.ipynb
content/notebooks/Experimental/Appendix-HPC.ipynb	content/notebooks/experimental/appendix-hpc.ipynb
content/notebooks/Experimental/Appendix-TimeSeries.ipynb	content/notebooks/experimental/appendix-time-series.ipynb
content/notebooks/Experimental/Hands_on_Evol_Modelling1.ipynb	content/notebooks/experimental/hands-on-evol-modelling-1.ipynb
content/notebooks/Experimental/Hands_on_Evol_Modelling2.ipynb	content/notebooks/experimental/hands-on-evol-modelling-2.ipynb
content/notebooks/Experimental/Hands_on_Gene_Drive_Modelling.ipynb	content/notebooks/experimental/hands-on-gene-drive-modelling.ipynb
content/notebooks/Experimental/Logging_in_python.ipynb	content/notebooks/experimental/logging-in-python.ipynb
content/notebooks/Experimental/Microbial_growth.ipynb	content/notebooks/experimental/microbial-growth.ipynb
content/notebooks/Experimental/MQB_prework_exercises.ipynb	content/notebooks/experimental/mqb-prework-exercises.ipynb
content/notebooks/Experimental/MQB_prework_solutions.ipynb	content/notebooks/experimental/mqb-prework-solutions.ipynb
content/notebooks/Experimental/Object-oriented-programming.ipynb	content/notebooks/experimental/object-oriented-programming.ipynb
content/notebooks/Experimental/OOP2.ipynb	content/notebooks/experimental/oop2.ipynb
content/notebooks/Experimental/python-networks.ipynb	content/notebooks/experimental/python-networks.ipynb
content/notebooks/Experimental/vectorised_code.ipynb	content/notebooks/experimental/vectorised-code.ipynb
content/notebooks/Git.ipynb	content/notebooks/git.ipynb
content/notebooks/GLMs.ipynb	content/notebooks/glms.ipynb
content/notebooks/Interactions.ipynb	content/notebooks/interactions.ipynb
content/notebooks/LaTeX.ipynb	content/notebooks/la-te-x.ipynb
content/notebooks/MetabolicBasis.ipynb	content/notebooks/metabolic-basis.ipynb
content/notebooks/MLE.ipynb	content/notebooks/mle.ipynb
content/notebooks/ModelSimp.ipynb	content/notebooks/model-simp.ipynb
content/notebooks/MulExplInter.ipynb	content/notebooks/mul-expl-inter.ipynb
content/notebooks/MulExpl.ipynb	content/notebooks/mul-expl.ipynb
content/notebooks/NLLS.ipynb	content/notebooks/nlls.ipynb
content/notebooks/Populations.ipynb	content/notebooks/populations.ipynb
content/notebooks/Python.ipynb	content/notebooks/python.ipynb
content/notebooks/R.ipynb	content/notebooks/r.ipynb
content/notebooks/Regress.ipynb	content/notebooks/regress.ipynb
content/notebooks/ShellScripting.ipynb	content/notebooks/shell-scripting.ipynb
content/notebooks/t_F_tests.ipynb	content/notebooks/t-f-tests.ipynb
content/notebooks/TurbulentMarriage.ipynb	content/notebooks/turbulent-marriage.ipynb
content/notebooks/Unix.ipynb	content/notebooks/unix.ipynb
content/readings/DataDataData!/520436c.pdf	content/readings/datadatadata!/520436c.pdf
content/readings/DataDataData!/Borer_et_al-2009-The_Bulletin_of_the_Ecological_Society_of_America.pdf	content/readings/datadatadata!/Borer_et_al-2009-The_Bulletin_of_the_Ecological_Society_of_America.pdf
content/readings/DataDataData!/Mills et al 2015 archiving data from long-term studies TREE opinion.pdf	content/readings/datadatadata!/Mills et al 2015 archiving data from long-term studies TREE opinion.pdf
content/readings/DataDataData!/peerj-preprints-1448.pdf	content/readings/datadatadata!/peerj-preprints-1448.pdf
content/readings/Git/atlassian_git_cheatsheet.pdf	content/readings/git/atlassian_git_cheatsheet.pdf
content/readings/Git/git-cheat-sheet.pdf	content/readings/git/git-cheat-sheet.pdf
content/readings/Git/git-pretty.png	content/readings/git/git-pretty.png
content/readings/Git/git-transport-v1.pdf	content/readings/git/git-transport-v1.pdf
content/readings/Git/gitcheat.png	content/readings/git/gitcheat.png
content/readings/Git/github-git-cheat-sheet.pdf	content/readings/git/github-git-cheat-sheet.pdf
content/readings/HPC/HPC_R.pdf	content/readings/hpc/HPC_R.pdf
content/readings/HPC/IC_HPC_intro.pdf	content/readings/hpc/IC_HPC_intro.pdf
content/readings/Latex/symbols-a4.pdf	content/readings/latex/symbols-a4.pdf
content/readings/Latex/tex-refcard-a4.pdf	content/readings/latex/tex-refcard-a4.pdf
content/readings/Maths/Audenaert/NeuhauserProblems_Chapter1.pdf	content/readings/maths/audenaert/NeuhauserProblems_Chapter1.pdf
content/readings/Maths/Audenaert/NeuhauserProblems_Chapter4.pdf	content/readings/maths/audenaert/NeuhauserProblems_Chapter4.pdf
content/readings/Modelling/Bolker_et_al-2013-Methods_in_Ecology_and_Evolution.pdf	content/readings/modelling/Bolker_et_al-2013-Methods_in_Ecology_and_Evolution.pdf
content/readings/Modelling/DeLong et al._2017_Ecology and Evolution.pdf	content/readings/modelling/DeLong et al._2017_Ecology and Evolution.pdf
content/readings/Modelling/Dell, Pawar, Savage_2011_Proceedings of the National Academy of Sciences of the United States of America.pdf	content/readings/modelling/Dell, Pawar, Savage_2011_Proceedings of the National Academy of Sciences of the United States of America.pdf
content/readings/Modelling/Holling_1959_Some Characteristics of Simple Types of Predation and Parasitism.pdf	content/readings/modelling/Holling_1959_Some Characteristics of Simple Types of Predation and Parasitism.pdf
content/readings/Modelling/Holling_1966_Mem. Entomol. Soc. Canada.pdf	content/readings/modelling/Holling_1966_Mem. Entomol. Soc. Canada.pdf
content/readings/Modelling/JohnsonOmland2004.pdf	content/readings/modelling/JohnsonOmland2004.pdf
content/readings/Modelling/Kendalletal1999.pdf	content/readings/modelling/Kendalletal1999.pdf
content/readings/Modelling/Levins_Strategy.pdf	content/readings/modelling/Levins_Strategy.pdf
content/readings/Modelling/Otto, Day_2007_Unknown.pdf	content/readings/modelling/Otto, Day_2007_Unknown.pdf
content/readings/Modelling/Schoolfield, Sharpe, Magnuson_1981_Journal of theoretical biology.pdf	content/readings/modelling/Schoolfield, Sharpe, Magnuson_1981_Journal of theoretical biology.pdf
content/readings/Modelling/The_Turbulent_Marriage01.pdf	content/readings/modelling/The_Turbulent_Marriage01.pdf
content/readings/Modelling/wsnotes.pdf	content/readings/modelling/wsnotes.pdf
"content/readings/Python/5 tips for pandas users. A popular Python library used by those\342\200\246 _ by Zolzaya Luvsandorj _ Aug, 2020 _ Towards Data Science.pdf"	"content/readings/python/5 tips for pandas users. A popular Python library used by those\342\200\246 _ by Zolzaya Luvsandorj _ Aug, 2020 _ Towards Data Science.pdf"
content/readings/Python/matlab-python-xref.pdf	content/readings/python/matlab-python-xref.pdf
content/readings/Python/thinkpython.pdf	content/readings/python/thinkpython.pdf
content/readings/R/HPC_R.pdf	content/readings/r/HPC_R.pdf
content/readings/R/Hiebeler-matlabR.pdf	content/readings/r/Hiebeler-matlabR.pdf
content/readings/R/R-intro.pdf	content/readings/r/R-intro.pdf
content/readings/R/R-refcard.pdf	content/readings/r/R-refcard.pdf
content/readings/R/Short-refcard.pdf	content/readings/r/Short-refcard.pdf
content/readings/R/Torfs_Brauer-Short-R-Intro.pdf	content/readings/r/Torfs_Brauer-Short-R-Intro.pdf
content/readings/R/data-wrangling-cheatsheet.pdf	content/readings/r/data-wrangling-cheatsheet.pdf
content/readings/R/ggplot2-cheatsheet.pdf	content/readings/r/ggplot2-cheatsheet.pdf
content/readings/R/journal.pcbi.1000482.PDF	content/readings/r/journal.pcbi.1000482.PDF
content/readings/ScientificComputing/BestPractices.pdf	content/readings/scientificcomputing/BestPractices.pdf
content/readings/ScientificWriting/Gopen_Swan_1990_science-of-science-writing.pdf	content/readings/scientificwriting/Gopen_Swan_1990_science-of-science-writing.pdf
content/readings/Unix/CommandReference.pdf	content/readings/unix/CommandReference.pdf
"content/readings/Visualization/5 tips for pandas users. A popular Python library used by those\342\200\246 _ by Zolzaya Luvsandorj _ Aug, 2020 _ Towards Data Science.pdf"	"content/readings/visualization/5 tips for pandas users. A popular Python library used by those\342\200\246 _ by Zolzaya Luvsandorj _ Aug, 2020 _ Towards Data Science.pdf"
content/readings/Visualization/6 simple tips for prettier and customised plots in Seaborn (Python) _ by Zolzaya Luvsandorj _ Oct, 2020 _ Towards Data Science.pdf	content/readings/visualization/6 simple tips for prettier and customised plots in Seaborn (Python) _ by Zolzaya Luvsandorj _ Oct, 2020 _ Towards Data Science.pdf
content/readings/Visualization/8 Tips for Better Data Visualization _ by William Chon _ Aug, 2020 _ Towards Data Science.pdf	content/readings/visualization/8 Tips for Better Data Visualization _ by William Chon _ Aug, 2020 _ Towards Data Science.pdf
content/readings/Visualization/DesigningEffectiveFigures.pdf	content/readings/visualization/DesigningEffectiveFigures.pdf
content/readings/Visualization/Saccilotto_ggplot2_basics.pdf	content/readings/visualization/Saccilotto_ggplot2_basics.pdf
content/readings/Visualization/Wickham_2009_Applied Spatial Data Analysis with R.pdf	content/readings/visualization/Wickham_2009_Applied Spatial Data Analysis with R.pdf
content/readings/Visualization/adma.201102518.pdf	content/readings/visualization/adma.201102518.pdf
content/readings/Visualization/ggplot2-cheatsheet-2.0.pdf	content/readings/visualization/ggplot2-cheatsheet-2.0.pdf
content/readings/Visualization/lt_2008_05_52_53.pdf	content/readings/visualization/lt_2008_05_52_53.pdf
Notes_n_TODOs.md	notes_n_todos.md
